"Fon Kodu","Fon Adı","Şemsiye Fon Türü","1 Ay (%)","3 Ay (%)","6 Ay (%)","Yılbaşı (%)","1 Yıl (%)","3 Yıl (%)","5 Yıl (%)"
"HDH","HEDEF PORTFÖY DOĞU HİSSE SENEDİ SERBEST FON(HİSSE SENEDİ YOĞUN FON)","Serbest Şemsiye Fonu","-6,0963","64,6892","293,5710","23,5713","650,3759","-","-"
"HPF","HEDEF PORTFÖY KUZEY HİSSE SENEDİ SERBEST FON (HİS.SEN.YOĞ.FON)","Serbest Şemsiye Fonu","-5,1645","26,8939","153,5498","9,7469","359,6647","856,3166","-"
"TCD","TACİRLER PORTFÖY DEĞIŞKEN FON","Değişken Şemsiye Fonu","6,2133","39,2653","111,4657","13,6893","158,0316","462,0728","601,1278"
"FYA","İSTANBUL PORTFÖY ARK II SERBEST FON","Serbest Şemsiye Fonu","3,8388","24,7694","52,2228","8,5038","153,2772","-","-"
"OPH","OSMANLI PORTFÖY BİRİNCİ HİSSE SENEDİ FONU(HİSSE SENEDİ YOĞUN FON)","Hisse Senedi Şemsiye Fonu","4,3218","38,2135","90,3669","19,1829","123,3914","-","-"
"GMR","GEDİK PORTFÖY İKİNCİ HİSSE SENEDİ FONU (HİSSE SENEDİ YOĞUN FON)","Hisse Senedi Şemsiye Fonu","0,6496","29,7285","72,9481","14,6803","114,9689","227,6547","423,5077"
"RBH","ALBARAKA PORTFÖY KATILIM HİSSE SENEDİ FONU (HİSSE SENEDİ YOĞUN FON)","Hisse Senedi Şemsiye Fonu","0,9520","17,8832","74,7266","10,6525","112,1734","-","-"
"TKF","TACİRLER PORTFÖY HİSSE SENEDİ FONU (HİSSE SENEDİ YOĞUN FON)","Hisse Senedi Şemsiye Fonu","1,1434","16,2690","58,2201","5,9180","111,4912","306,5760","565,9709"
"OPI","OSMANLI PORTFÖY İKİNCİ HİSSE SENEDİ FONU(HİSSE SENEDİ YOĞUN FON)","Hisse Senedi Şemsiye Fonu","2,6870","34,8783","76,3117","14,6934","108,1594","-","-"
"MPS","MÜKAFAT PORTFÖY KATILIM HİSSE SENEDİ FONU ( HİSSE SENEDİ YOĞUN FON )","Hisse Senedi Şemsiye Fonu","1,3623","25,5947","55,4678","12,7543","106,4241","173,8856","-"
"SRY","AZİMUT PORTFÖY SKY SERBEST (DÖVİZ) ÖZEL FON","Serbest Şemsiye Fonu","73,3415","54,1473","66,6023","59,0423","101,8245","-","-"
"IAR","İSTANBUL PORTFÖY DÖRDÜNCÜ SERBEST FON","Serbest Şemsiye Fonu","1,2275","36,5186","52,1209","21,8429","99,6026","-","-"
"MAC","MARMARA CAPITAL PORTFÖY HİSSE SENEDİ FONU (HİSSE SENEDİ YOĞUN FON)","Hisse Senedi Şemsiye Fonu","-1,3378","14,9932","53,9960","3,5328","94,4131","236,0786","381,7248"
"IPJ","İŞ PORTFÖY ELEKTRİKLİ ARAÇLAR KARMA FON","Karma Şemsiye Fonu","-1,0630","9,0964","35,7173","4,9803","90,7901","-","-"
"FRA","AZIMUT PORTFÖY MAB SERBEST ÖZEL FON","Serbest Şemsiye Fonu","4,8037","25,6033","79,1874","4,6850","90,5606","-","-"
"TTE","İŞ PORTFÖY BİST TEKNOLOJİ AĞIRLIKLI SINIRLAMALI ENDEKSİ HİSSE SENEDİ FONU (HİSSE SENEDİ YOĞUN FON)","Hisse Senedi Şemsiye Fonu","4,2013","33,4441","56,4775","17,8973","88,1930","153,6356","400,5435"
"STZ","STRATEJİ PORTFÖY HİSSE SENEDİ SERBEST FON (HİSSE SENEDİ YOĞUN FON)","Serbest Şemsiye Fonu","2,6328","19,8293","60,4196","7,8807","85,2379","-","-"
"TCS","TACİRLER PORTFÖY SİRİUS SERBEST FON","Serbest Şemsiye Fonu","2,1797","19,3427","51,7501","8,0387","84,5251","-","-"
"FPH","FİBA PORTFÖY HİSSE SENEDİ FONU(HİSSE SENEDİ YOĞUN FON)","Hisse Senedi Şemsiye Fonu","0,4326","19,9017","50,7840","6,6622","81,8620","147,3406","213,8678"
"AFT","AK PORTFÖY YENİ TEKNOLOJİLER YABANCI HİSSE SENEDİ FONU","Hisse Senedi Şemsiye Fonu","-4,0555","-1,6875","12,5629","-0,7340","80,0432","244,5721","573,2006"
"UPH","ÜNLÜ PORTFÖY HİSSE SENEDİ FONU(HİSSE SENEDİ YOĞUN FON)","Hisse Senedi Şemsiye Fonu","0,3924","25,5577","66,2598","11,3239","77,9307","-","-"
"ISS","İŞ PORTFÖY DEĞER SERBEST ÖZEL FON","Serbest Şemsiye Fonu","6,8537","23,3615","41,0848","7,5695","75,7242","-","-"
"IAS","QİNVEST PORTFÖY MUTLAK GETİRİ HEDEFLİ HİSSE SENEDİ SERBEST FON(HİSSE SENEDİ YOĞUN FON)","Serbest Şemsiye Fonu","-1,2242","15,8162","31,6217","8,4143","75,5146","125,8614","382,4453"
"AIR","AZİMUT PORTFÖY ESİN SERBEST (DÖVİZ) ÖZEL FON","Serbest Şemsiye Fonu","40,6099","56,7141","48,6434","66,5523","74,9017","-","-"
"ST1","STRATEJİ PORTFÖY BİRİNCİ HİSSE SENEDİ FONU(HİSSE SENEDİ YOĞUN FON)","Hisse Senedi Şemsiye Fonu","-1,2633","22,1129","51,3312","6,7063","74,8324","146,5917","240,2126"
"DNO","DENİZ PORTFÖY NECLA SERBEST (DÖVİZ) ÖZEL FON","Serbest Şemsiye Fonu","3,8717","25,5674","49,3407","12,6026","73,1127","-","-"
"ZPE","ZİRAAT PORTFÖY KATILIM ENDEKSİ HİSSE SENEDİ FONU (HİSSE SENEDİ YOĞUN FON)","Hisse Senedi Şemsiye Fonu","1,2172","18,7733","47,5814","6,2480","72,7373","137,1969","232,7357"
"IPR","İŞ PORTFÖY ICARUS SERBEST ÖZEL FON","Serbest Şemsiye Fonu","2,9408","-2,1565","9,9153","1,5191","70,6898","-","-"
"YAS","YAPI KREDİ PORTFÖY KOÇ HOLDİNG İŞTİRAK VE HİSSE SENEDİ FONU(HİSSE SENEDİ YOĞUN FON)","Hisse Senedi Şemsiye Fonu","1,4522","23,3574","61,3837","9,3047","68,1239","81,2744","142,6132"
"IIS","İSTANBUL PORTFÖY İKİNCİ SERBEST FON","Serbest Şemsiye Fonu","4,8220","18,0421","33,2569","7,9888","66,0803","-","-"
"IPU","İŞ PORTFÖY AS SERBEST ÖZEL FON","Serbest Şemsiye Fonu","-0,9084","-3,4791","-1,8310","1,1868","64,6788","-","-"
"YDI","YAPI KREDİ PORTFÖY İKİNCİ HİSSE SENEDİ FONU (HİSSE SENEDİ YOĞUN FON)","Hisse Senedi Şemsiye Fonu","1,0892","19,9503","49,4560","9,2024","62,2068","96,0308","196,1171"
"YAY","YAPI KREDİ PORTFÖY YABANCI TEKNOLOJİ SEKTÖRÜ HİSSE SENEDİ FONU","Hisse Senedi Şemsiye Fonu","-3,2752","-4,0920","10,9976","-2,0239","62,1701","187,8221","466,3335"
"TPP","TEB PORTFÖY PUSULA SERBEST FON","Serbest Şemsiye Fonu","3,6575","16,2975","-","9,3000","62,0097","-","-"
"SRO","AZİMUT PORTFÖY SKY SERBEST ÖZEL FON","Serbest Şemsiye Fonu","2,4822","21,0147","52,8599","5,4462","59,7578","-","-"
"IPC","İŞ PORTFÖY CK SERBEST ÖZEL FON","Serbest Şemsiye Fonu","-0,3945","-2,7702","8,1724","0,6215","59,5414","-","-"
"AFS","AK PORTFÖY SAĞLIK SEKTÖRÜ YABANCI HİSSE SENEDİ FONU","Hisse Senedi Şemsiye Fonu","-0,3838","1,7702","27,1147","2,7547","59,3389","116,8364","308,2837"
"TI3","İŞ PORTFÖY İŞ BANKASI İŞTİRAKLERİ ENDEKSİ HİSSE SENEDİ FONU (HİSSE SENEDİ YOĞUN FON)","Hisse Senedi Şemsiye Fonu","-3,3075","8,1843","42,1262","0,8861","58,2705","80,9831","210,5128"
"AHI","ATLAS PORTFÖY BİRİNCİ HİSSE SENEDİ FONU(HİSSE SENEDİ YOĞUN)","Hisse Senedi Şemsiye Fonu","2,0435","22,1313","49,2662","6,5049","56,8252","71,9761","139,8113"
"DPT","DENİZ PORTFÖY BİST TEMETTÜ 25 ENDEKSİ HİSSE SENEDİ FONU ( HİSSE SENEDİ YOĞUN FON )","Hisse Senedi Şemsiye Fonu","2,8878","23,4723","52,8866","8,6414","56,4144","51,7307","-"
"GL1","AZİMUT PYŞ BİRİNCİ HİSSE SENEDİ FONU (HİSSE SENEDİ YOĞUN FON)","Hisse Senedi Şemsiye Fonu","2,0014","17,7070","48,7145","6,6866","56,1337","162,0970","349,7089"
"AAV","ATA PORTFÖY İKİNCİ HİSSE SENEDİ FONU (HİSSE SENEDİ YOĞUN FON)","Hisse Senedi Şemsiye Fonu","-0,9326","19,2245","44,5583","5,0208","55,6346","87,1926","243,0290"
"IPK","İŞ PORTFÖY KOS SERBEST ÖZEL FON","Serbest Şemsiye Fonu","0,5447","-0,7108","2,9335","2,3600","54,9865","-","-"
"HVS","HSBC PORTFÖY HİSSE SENEDİ FONU (HİSSE SENEDİ YOĞUN FON)","Hisse Senedi Şemsiye Fonu","2,1447","20,6790","52,0459","5,2207","54,9686","114,5008","283,4392"
"IPB","İSTANBUL PORTFÖY BİRİNCİ DEĞİŞKEN FON","Değişken Şemsiye Fonu","4,0824","13,5280","40,0380","9,6373","54,7903","116,4291","184,6612"
"HDS","HEDEF PORTFÖY SERBEST FON","Serbest Şemsiye Fonu","2,3514","24,9032","43,3781","12,6585","54,1532","-","-"
"EID","QİNVEST PORTFÖY HİSSE SENEDİ FONU (HİSSE YOĞUN FON)","Hisse Senedi Şemsiye Fonu","-1,8631","10,6416","39,4650","0,8639","54,0451","155,6891","247,2363"
"ALC","AK PORTFÖY BİST TEMETTÜ 25 ENDEKSİ HİSSE SENEDİ FONU (HİSSE SENEDİ YOĞUN FON)","Hisse Senedi Şemsiye Fonu","2,4787","21,7640","49,6150","7,4886","53,9109","51,7326","139,5039"
"AFA","AK PORTFÖY  AMERİKA YABANCI HİSSE SENEDİ FONU","Hisse Senedi Şemsiye Fonu","2,3531","-0,7981","14,8611","2,6951","53,8130","156,6715","343,9694"
"OSF","OSMANLI PORTFÖY BALKAN SERBEST FON","Serbest Şemsiye Fonu","-0,4035","5,9533","28,2474","1,9822","53,7699","118,4786","-"
"OSH","OSMANLI PORTFÖY MİNERVA SERBEST FON","Serbest Şemsiye Fonu","-0,5112","39,2695","71,1966","14,0266","53,6344","-","-"
"AYA","ATA PORTFÖY BİRİNCİ HİSSE SENEDİ FONU (HİSSE SENEDİ YOĞUN FON)","Hisse Senedi Şemsiye Fonu","-0,2959","18,5032","43,3075","5,9151","53,4429","79,6740","219,9701"
"KYA","KARE PORTFÖY HİSSE SENEDİ FONU(HİSSE SENEDİ YOĞUN FON)","Hisse Senedi Şemsiye Fonu","0,7549","20,9308","50,2127","7,3076","53,3379","42,5940","128,3712"
"ACD","İSTANBUL PORTFÖY İKİNCİ DEĞİŞKEN FON","Değişken Şemsiye Fonu","2,2294","18,0192","43,7142","5,4595","53,0246","77,6883","136,0130"
"YPP","YAPI KREDİ PORTFÖY PY KUZGUNCUK SERBEST ÖZEL FON","Serbest Şemsiye Fonu","3,2808","23,0330","43,5896","7,4581","50,6990","-","-"
"FYD","QNB FINANS PORTFÖY BIRINCI HISSE SENEDI FONU (HISSE SENEDI YOĞUN FON)","Hisse Senedi Şemsiye Fonu","2,1666","21,6051","51,5526","6,1717","49,0441","68,1311","202,6051"
"ISR","İŞ PORTFÖY BİRİNCİ SERBEST ÖZEL FON","Serbest Şemsiye Fonu","3,9091","-0,0878","11,3500","3,6085","48,7954","-","-"
"GBG","GEDİK PORTFÖY G-20 ÜLKELERİ YABANCI HİSSE SENEDİ FONU","Hisse Senedi Şemsiye Fonu","8,2698","4,0584","19,3620","5,9614","46,5617","119,5819","294,5395"
"DPL","DENİZ PORTFÖY NİL SERBEST (DÖVİZ) ÖZEL FON","Serbest Şemsiye Fonu","4,6655","3,7521","23,0546","9,7648","46,2539","-","-"
"AII","AZİMUT PORTFÖY ÇINAR SERBEST (DÖVİZ) ÖZEL FON","Serbest Şemsiye Fonu","7,8921","3,0309","15,9918","6,5734","46,2463","-","-"
"IBR","AZİMUT PYŞ MUTLAK GETİRİ HEDEFLİ SERBEST FON","Serbest Şemsiye Fonu","18,0309","13,7173","24,7899","17,8976","45,6895","104,1717","152,2867"
"GSP","AZİMUT PYŞ KAR PAYI ÖDEYEN HİSSE SENEDİ FONU (HİSSE SENEDİ YOĞUN FON)","Hisse Senedi Şemsiye Fonu","0,3326","19,2785","42,3968","8,2149","45,5650","106,7956","181,1806"
"GHS","GARANTİ PORTFÖY HİSSE SENEDİ FONU (HİSSE SENEDİ YOĞUN FON)","Hisse Senedi Şemsiye Fonu","1,0446","18,0355","47,9413","5,2436","45,3907","69,0495","172,8644"
"DBG","DENİZ PORTFÖY BEYAZ SERBEST ÖZEL FONU","Serbest Şemsiye Fonu","0,8007","-3,2907","2,5557","1,2720","45,3693","-","309,7952"
"TMG","İŞ PORTFÖY YABANCI HİSSE SENEDİ FONU","Hisse Senedi Şemsiye Fonu","3,2998","0,1403","10,0269","2,2813","45,1242","131,4850","242,4282"
"HSA","HSBC PORTFÖY DEĞİŞKEN FON","Değişken Şemsiye Fonu","3,3512","17,0702","32,9730","7,0506","44,7202","119,8373","248,0449"
"TYH","TEB PORTFÖY HİSSE SENEDİ FONU (HİSSE SENEDİ YOĞUN FON)","Hisse Senedi Şemsiye Fonu","1,7056","18,4103","44,3919","6,5347","44,5533","63,5399","169,0116"
"FID","FİBA PORTFÖY ÇOKLU VARLIK İKİNCİ DEĞİŞKEN FON","Değişken Şemsiye Fonu","1,0359","9,5617","29,3713","4,0527","44,5482","109,8699","166,2601"
"OHB","OYAK PORTFÖY BİRİNCİ HİSSE SENEDİ FONU (HİSSE SENEDİ YOĞUN FON)","Hisse Senedi Şemsiye Fonu","0,3488","16,8880","43,9355","3,3389","44,3331","74,1786","-"
"ODV","AK PORTFÖY ÜÇÜNCÜ FON SEPETİ FONU","Fon Sepeti Şemsiye Fonu","-0,1198","9,7231","23,2995","4,6301","44,0916","96,2119","-"
"FRZ","AZİMUT PORTFÖY FRZ SERBEST ÖZEL FON","Serbest Şemsiye Fonu","2,8586","12,1349","34,1788","4,6814","43,5426","-","-"
"OPB","OSMANLI PORTFÖY BİRİNCİ DEĞİŞKEN FON","Değişken Şemsiye Fonu","3,2205","12,6519","29,9290","6,9945","43,4436","-","-"
"GME","GEDİK PORTFÖY EGE SERBEST ÖZEL FON","Serbest Şemsiye Fonu","1,6418","1,7514","8,2059","1,8700","42,8014","-","-"
"TFF","TEB PORTFÖY YABANCI BYF FON SEPETİ FONU","Fon Sepeti Şemsiye Fonu","-2,4191","-3,7686","9,3368","-1,9208","42,5639","141,6022","-"
"IPA","İŞ PORTFÖY SÜTAŞ İKİNCİ SERBEST ÖZEL FON","Serbest Şemsiye Fonu","-0,7702","16,5865","36,9972","5,3470","42,5198","-","167,7460"
"IAF","İSTANBUL PORTFÖY ARK I SERBEST FON","Serbest Şemsiye Fonu","4,4440","4,6973","16,9473","2,7784","42,2904","-","-"
"DAH","DENİZ PORTFÖY HİSSE SENEDİ FONU (HİSSE SENEDİ YOĞUN FON)","Hisse Senedi Şemsiye Fonu","-0,2442","12,4895","38,6240","2,0300","42,0970","37,9788","117,4041"
"AHZ","AZİMUT PYŞ ATAK SERBEST FON","Serbest Şemsiye Fonu","-0,3838","9,0685","25,5826","2,7943","40,5640","133,8384","-"
"GUH","GARANTİ PORTFÖY YABANCI BYF FON SEPETİ FONU","Fon Sepeti Şemsiye Fonu","-3,1869","-2,9336","12,3249","-0,9813","40,0816","103,4454","254,4147"
"AED","ATA PORTFÖY BİRİNCİ DEĞİŞKEN FON","Değişken Şemsiye Fonu","1,1409","9,6783","19,7114","4,2317","40,0317","-44,6184","-40,7291"
"TLH","AURA PORTFÖY HİSSE SENEDİ FONU (HİSSE SENEDİ YOĞUN FON)","Hisse Senedi Şemsiye Fonu","-2,2941","10,4321","38,1438","5,2537","39,8039","39,2633","143,1642"
"GBC","AZİMUT PYŞ YABANCI BYF FON SEPETİ FONU","Fon Sepeti Şemsiye Fonu","-0,2032","-7,9783","-3,8837","-7,4098","39,5638","145,2084","274,2632"
"ACK","İSTANBUL PORTFÖY HİSSE SENEDİ FONU(HİSSE SENEDİ YOĞUN FON)","Hisse Senedi Şemsiye Fonu","3,0521","15,2286","40,7046","4,6393","38,9864","100,9828","132,2368"
"TPR","İŞ PORTFÖY PY HİSSE SENEDİ ÖZEL FONU (HİSSE SENEDİ YOĞUN FON)","Hisse Senedi Şemsiye Fonu","1,6960","15,1078","39,4009","4,3357","38,2159","42,5905","127,2149"
"TLZ","ATA PORTFÖY ANALİZ HİSSE SENEDİ FONU (HİSSE SENEDİ YOĞUN FON)","Hisse Senedi Şemsiye Fonu","5,1613","19,4484","42,0975","9,8088","37,8677","-","-"
"OKD","OYAK PORTFÖY BİRİNCİ DEĞİŞKEN FON","Değişken Şemsiye Fonu","-0,2077","9,4629","25,9634","2,5085","37,8325","95,4423","203,4090"
"KUB","KARE PORTFÖY DEĞİŞKEN  (DÖVİZ) FONU","Değişken Şemsiye Fonu","3,5278","3,2088","17,6879","5,8160","37,7017","143,9181","271,5347"
"ACU","İSTANBUL PORTFÖY URARTU SERBEST (DÖVİZ) FON","Serbest Şemsiye Fonu","2,1079","-0,5531","9,2353","2,1120","37,2523","-","-"
"GMA","AZİMUT PYŞ ÇOKLU VARLIK DEĞİŞKEN FON","Değişken Şemsiye Fonu","2,0138","13,6068","26,1014","7,5344","36,9606","120,6516","239,7749"
"YHS","YAPI KREDİ PORTFÖY BİRİNCİ HİSSE SENEDİ FONU (HİSSE SENEDİ YOĞUN FON)","Hisse Senedi Şemsiye Fonu","-0,6315","13,0256","34,8642","3,7616","35,7769","47,7473","127,7276"
"IPO","İŞ PORTFÖY ONUR SERBEST ÖZEL FON","Serbest Şemsiye Fonu","-0,4076","-1,8055","13,3480","-2,1569","35,7610","-","-"
"ICF","ICBC TURKEY PORTFÖY HİSSE SENEDİ FONU(HİSSE SENEDİ YOĞUN FON)","Hisse Senedi Şemsiye Fonu","-1,2883","12,1240","35,6642","2,2646","35,3352","50,1373","141,6785"
"FUP","QNB FİNANS PORTFÖY BAYSAN SERBEST (DÖVİZ) ÖZEL FON","Serbest Şemsiye Fonu","6,7939","2,7363","15,3760","5,9813","34,5962","-","-"
"ECA","GLOBAL MD PORTFÖY BİRİNCİ DEĞİŞKEN FON","Değişken Şemsiye Fonu","1,0345","10,5887","24,4957","3,5632","34,4803","77,4009","118,3741"
"SPE","AZIMUT PORTFÖY 5.0 SERBEST (DÖVIZ) FON","Serbest Şemsiye Fonu","2,3466","1,2521","11,8513","3,9879","34,4596","-","-"
"TZD","ZİRAAT PORTFÖY HİSSE SENEDİ FONU (HİSSE SENEDİ YOĞUN FON)","Hisse Senedi Şemsiye Fonu","-0,7262","12,6917","33,2265","3,5639","34,3378","38,8771","129,3328"
"PUD","AK PORTFÖY AKY SERBEST (DÖVİZ) ÖZEL FON","Serbest Şemsiye Fonu","5,4443","2,1982","12,3436","4,8332","34,2761","-","-"
"AHV","AZİMUT PYŞ DENGELİ SERBEST FON","Serbest Şemsiye Fonu","0,6260","7,0259","18,6322","3,1273","34,1117","116,5098","-"
"TI2","İŞ PORTFÖY HİSSE SENEDİ FONU (HİSSE SENEDİ YOĞUN FON)","Hisse Senedi Şemsiye Fonu","-1,3489","14,0921","38,2954","1,2831","33,2826","34,0814","104,7823"
"MPP","MEKSA PORTFÖY PRİME SERBEST FON","Serbest Şemsiye Fonu","-4,9907","-7,4797","-0,4913","-3,7944","33,2006","160,5419","-"
"DDE","DENİZ PORTFÖY BADE SERBEST (DÖVİZ) ÖZEL FON","Serbest Şemsiye Fonu","3,2092","-0,3161","12,0625","0,3320","32,8286","-","-"
"YKS","YAPI KREDİ PORTFÖY İSTANBUL SERBEST FON","Serbest Şemsiye Fonu","0,7029","8,9085","20,5000","1,7804","32,7281","-","-"
"ARM","AK PORTFÖY İKİNCİ FON SEPETİ FONU","Fon Sepeti Şemsiye Fonu","0,4949","7,0911","16,4073","3,7476","32,6795","88,1269","140,2452"
"YAN","YAPI KREDİ PORTFÖY BİRİNCİ FON SEPETİ FONU","Fon Sepeti Şemsiye Fonu","0,5147","3,9066","15,7387","1,8913","32,5323","95,9488","-"
"TGE","İŞ PORTFÖY EMTIA YABANCI BYF FON SEPETI FONU","Fon Sepeti Şemsiye Fonu","10,9109","10,3190","19,9809","12,8631","32,2701","68,6043","170,5342"
"DPP","DENİZ PORTFÖY HLC SERBEST (DÖVİZ) ÖZEL FON","Serbest Şemsiye Fonu","6,6883","1,5149","14,2480","4,7826","32,0376","-","-"
"DPG","DENİZ PORTFÖY ESMER SERBEST (DÖVİZ) ÖZEL FON","Serbest Şemsiye Fonu","3,5229","-1,1324","11,7160","1,3726","31,9438","-","-"
"AFV","AK PORTFÖY  AVRUPA YABANCI HİSSE SENEDİ FONU","Hisse Senedi Şemsiye Fonu","5,1955","-2,6376","9,0287","0,4780","31,8856","88,9715","208,6919"
"APP","AK PORTFÖY P1 SERBEST ÖZEL FON","Serbest Şemsiye Fonu","3,8467","-1,3145","6,7612","1,7693","31,7851","129,4412","223,8044"
"GAF","GEDİK PORTFÖY BİRİNCİ HİSSE SENEDİ FONU (HİSSE SENEDİ YOĞUN FON)","Hisse Senedi Şemsiye Fonu","-1,7397","11,5398","37,9032","1,6590","31,5429","61,2913","111,1821"
"YTD","YAPI KREDİ PORTFÖY YABANCI FON SEPETİ FONU","Fon Sepeti Şemsiye Fonu","5,3729","-3,9890","4,2380","-0,0512","31,3961","125,4744","216,5418"
"FPE","FİBA PORTFÖY EUROBOND BORÇLANMA ARAÇLARI (DÖVİZ)FONU","Borçlanma Araçları Şemsiye Fonu","3,5162","-2,0234","8,7722","0,8705","31,3538","126,1281","-"
"DZE","DENİZ PORTFÖY BIST 100 ENDEKSİ HİSSE SENEDİ FONU(HİSSE SENEDİ YOĞUN FON)","Hisse Senedi Şemsiye Fonu","0,4320","13,8579","37,0890","3,2288","31,2353","28,6298","100,9170"
"DPE","DENİZ PORTFÖY EGE SERBEST (DÖVİZ) ÖZEL FON","Serbest Şemsiye Fonu","3,2297","-1,5978","10,7926","0,7156","31,0953","-","-"
"IPP","PERFORM PORTFÖY BIRINCI SERBEST FON","Serbest Şemsiye Fonu","8,8529","-0,0544","8,1566","3,7548","30,8319","-","-"
"DPN","DENİZ PORTFÖY NEVA SERBEST (DÖVİZ) ÖZEL FON","Serbest Şemsiye Fonu","3,8435","-0,5374","11,4938","2,3732","30,6154","-","-"
"KTM","KT PORTFÖY BİRİNCİ KATILIM FONU","Katılım Şemsiye Fonu","1,1432","6,7898","15,9584","4,3418","30,5949","87,2892","129,9959"
"TPE","İŞ PORTFÖY PY EUROBOND BORÇLANMA ARAÇLARI (DÖVİZ) ÖZEL FONU","Borçlanma Araçları Şemsiye Fonu","4,6112","-1,6539","7,4167","1,7862","30,5601","135,2350","243,6550"
"FYH","AZİMUT PYŞ SERBEST ( DÖVİZ ) FON","Serbest Şemsiye Fonu","0,9078","-3,1889","3,2233","0,4360","30,5174","128,0630","-"
"YAR","İŞ PORTFÖY RESAN DEĞİŞKEN ÖZEL FON","Değişken Şemsiye Fonu","1,0257","12,4140","33,4138","3,7165","30,3490","53,9606","152,2039"
"DPV","DENİZ PORTFÖY ENDA SERBEST ÖZEL FON","Serbest Şemsiye Fonu","-0,7250","8,2245","27,5001","-0,3787","30,3275","-","-"
"AK3","AK PORTFÖY HİSSE SENEDİ FONU (HİSSE SENEDİ YOĞUN FON)","Hisse Senedi Şemsiye Fonu","-0,5508","15,7642","39,3861","3,6683","30,1841","45,2880","132,4819"
"AZJ","AZİMUT PYŞ STRATEJİ-1 SERBEST FON","Serbest Şemsiye Fonu","1,0997","5,6486","14,2276","3,4587","30,1791","102,0386","-"
"HOY","HSBC PORTFÖY YABANCI BYF FON SEPETI","Fon Sepeti Şemsiye Fonu","2,3858","-2,4202","6,1489","0,6489","30,1431","107,7687","197,4686"
"DSM","DENİZ PORTFÖY MERT SERBEST (DÖVİZ) ÖZEL FON","Serbest Şemsiye Fonu","3,8012","-0,1575","12,2743","2,8329","30,1151","-","-"
"FFS","FİBA PORTFÖY SERBEST (DÖVİZ) FON","Serbest Şemsiye Fonu","5,0917","0,1014","8,0125","2,2389","30,0722","-","-"
"FYM","AZİMUT PORTFÖY ÜÇÜNCÜ SERBEST (DÖVİZ) FON","Serbest Şemsiye Fonu","-2,9546","-7,0721","-0,1615","-4,7887","30,0146","111,4792","227,5659"
"GSG","AZİMUT PORTFÖY GÜREL SERBEST (DÖVİZ) ÖZEL FON","Serbest Şemsiye Fonu","2,2463","-0,8982","8,2197","2,0675","29,9706","-","-"
"IPV","İŞ PORTFÖY EUROBOND BORÇLANMA ARAÇLARI (DÖVİZ) FONU","Borçlanma Araçları Şemsiye Fonu","4,4323","-1,8125","7,2501","1,6202","29,9042","126,5376","-"
"PBB","AZİMUT PORTFÖY BB SERBEST (DÖVİZ) ÖZEL FON","Serbest Şemsiye Fonu","1,2982","-2,6018","8,4364","-0,1507","29,7729","-","-"
"DCP","DENİZ PORTFÖY CÖMERT SERBEST (DÖVİZ) ÖZEL FON","Serbest Şemsiye Fonu","4,3309","-0,3574","12,7521","2,8584","29,7588","-","-"
"SPD","AZIMUT PORTFÖY BEG SERBEST (DÖVIZ) ÖZEL FON","Serbest Şemsiye Fonu","2,3548","-0,3949","10,1714","2,0285","29,6936","-","-"
"STS","STRATEJİ PORTFÖY BİRİNCİ SERBEST (DÖVİZ) FON","Serbest Şemsiye Fonu","5,6091","1,8372","11,7978","4,3813","29,6692","-","-"
"FVS","QNB FİNANS PORTFÖY VİZYON SERBEST (DÖVİZ) ÖZEL FON","Serbest Şemsiye Fonu","1,3999","-2,7547","9,0852","-1,4899","29,4282","-","-"
"YAC","YAPI KREDİ PORTFÖY İKİNCİ FON SEPETİ FONU","Fon Sepeti Şemsiye Fonu","0,2364","1,3225","11,3274","0,0019","29,2600","-","-"
"DSD","DENİZ PORTFÖY İKİNCİ SERBEST (DÖVİZ) FON","Serbest Şemsiye Fonu","1,8851","-2,6679","9,0422","-3,1015","29,2459","-","-"
"DPC","DENİZ PORTFÖY FRS SERBEST (DÖVİZ) ÖZEL FON","Serbest Şemsiye Fonu","3,4343","-2,3534","7,6025","0,8101","29,1993","-","-"
"DAT","DENİZ PORTFÖY ARMUT SERBEST (DÖVİZ) ÖZEL FON","Serbest Şemsiye Fonu","3,9784","0,5067","12,9826","3,5726","29,1917","-","-"
"GPL","GARANTİ PORTFÖY BİRİNCİ SERBEST ÖZEL FON","Serbest Şemsiye Fonu","3,8181","2,4115","10,5954","3,2845","28,8370","114,2002","193,8972"
"YOA","YAPI KREDİ PORTFÖY PY BORÇLANMA ARAÇLARI (DÖVİZ) ÖZEL FONU","Borçlanma Araçları Şemsiye Fonu","4,2033","-1,7993","8,1057","1,5041","28,7974","132,0814","-"
"IIP","İSTANBUL PORTFÖY ARİES SERBEST FON","Serbest Şemsiye Fonu","1,9118","8,9419","15,2751","4,5088","28,7154","-","-"
"AHN","ATLAS PORTFÖY SERBEST(DÖVİZ)FON","Serbest Şemsiye Fonu","5,5492","-0,3274","7,7916","2,6380","28,5856","-","-"
"EC2","GLOBAL MD PORTFÖY BİRİNCİ HİSSE SENEDİ FONU(HİSSE SENEDİ YOĞUN FON)","Hisse Senedi Şemsiye Fonu","-1,5664","9,7616","37,9394","-0,2063","28,5155","41,0777","104,5094"
"AJL","AK PORTFÖY BEŞİNCİ SERBEST (DÖVIZ) FON","Serbest Şemsiye Fonu","5,4015","-0,6997","8,0386","3,0336","28,4102","-","-"
"SBS","STRATEJİ PORTFÖY BAŞAK SERBEST (DÖVİZ) ÖZEL FON","Serbest Şemsiye Fonu","5,2728","2,7093","12,6208","5,2066","28,3657","-","-"
"IBD","İŞ PORTFÖY BAYRAKTARLAR HOLDİNG DEĞİŞKEN ÖZEL FON","Değişken Şemsiye Fonu","2,6387","-3,5944","8,0963","-1,0199","28,3491","133,3978","225,4128"
"AJK","AK PORTFÖY İKINCI SERBEST (DÖVIZ) FON","Serbest Şemsiye Fonu","5,2715","0,3105","10,3467","3,2454","28,3238","-","-"
"FYB","AZİMUT PYŞ EB SERBEST ( DÖVİZ ) ÖZEL FON","Serbest Şemsiye Fonu","2,8904","-1,3708","7,6471","2,0940","28,2956","120,5349","-"
"AN1","STRATEJİ PORTFÖY BİRİNCİ DEĞİŞKEN FON","Değişken Şemsiye Fonu","2,4788","10,5768","26,0406","6,1373","28,2942","78,4626","114,3002"
"KSY","YAPI KREDİ PORTFÖY PY KANDİLLİ SERBEST ÖZEL FON","Serbest Şemsiye Fonu","1,9886","15,9897","39,4248","1,3698","28,1373","-","-"
"DAI","DENİZ PORTFÖY ARTI SERBEST (DÖVİZ) ÖZEL FON","Serbest Şemsiye Fonu","3,7209","-1,4926","11,1943","1,3962","28,0757","-","-"
"DPA","DENİZ PORTFÖY ARSLAN SERBEST (DÖVİZ) ÖZEL FON","Serbest Şemsiye Fonu","3,5279","-1,4113","11,8132","2,1733","27,6492","-","-"
"IYS","İŞ PORTFÖY SÜTAŞ SERBEST ÖZEL FON","Serbest Şemsiye Fonu","1,5253","5,9185","15,9377","2,7440","27,6300","86,6100","161,3404"
"YPF","YAPI KREDİ PORTFÖY YEDİTEPE SERBEST FON","Serbest Şemsiye Fonu","1,7025","6,5191","6,9640","3,6928","26,9695","-","-"
"DBH","DENİZ PORTFÖY EUROBOND (DÖVİZ) BORÇLANMA ARAÇLARI FONU","Borçlanma Araçları Şemsiye Fonu","0,4131","-4,6841","8,6882","-3,3635","26,9580","113,0970","200,5222"
"OPD","OSMANLI PORTFÖY ANKA SERBEST FON","Serbest Şemsiye Fonu","2,3060","8,0392","15,5567","5,1553","26,8920","-","-"
"TLE","AURA PORTFÖY YABANCI BORÇLANMA ARAÇLARI FONU","Borçlanma Araçları Şemsiye Fonu","3,3338","-1,8225","7,7405","0,2612","26,8775","112,3947","220,3013"
"TAO","TEB PORTFÖY ALARKO GRUBU DEĞİŞKEN ÖZEL FON","Değişken Şemsiye Fonu","1,6225","9,3573","18,6830","4,7106","26,7878","82,1218","144,0608"
"GAS","GARANTİ PORTFÖY ÜÇÜNCÜ SERBEST(DÖVİZ) FON","Serbest Şemsiye Fonu","5,0265","-0,5446","6,3638","2,8879","26,7629","-","136,8259"
"AZV","AZİMUT PYŞ BKS SERBEST ÖZEL FON","Serbest Şemsiye Fonu","2,0711","-0,3957","9,1463","2,3886","26,7150","82,6942","158,0838"
"TCC","TACİRLER PORTFÖY SERBEST ( DÖVİZ ) FON","Serbest Şemsiye Fonu","7,9532","0,0281","4,6985","5,1514","26,6098","121,2660","202,8313"
"MPN","MÜKAFAT PORTFÖY İKİNCİ AKTİF SERBEST (DÖVİZ) FON","Serbest Şemsiye Fonu","0,0000","-0,2889","1,6853","0,0000","26,5754","-","-"
"SUC","ÜNLÜ PORTFÖY ÜÇÜNCÜ DEĞIŞKEN FON","Değişken Şemsiye Fonu","1,3921","7,7366","15,5268","4,2880","26,2986","89,7767","142,1592"
"ANZ","ATA PORTFÖY DÖRDÜNCÜ SERBEST (DÖVİZ) FON","Serbest Şemsiye Fonu","4,4099","-0,9661","5,8116","1,9321","26,0430","119,3362","-"
"HDB","HSBC PORTFÖY BİRİNCİ SERBEST (DÖVİZ) FON","Serbest Şemsiye Fonu","4,9558","-0,8819","5,2713","1,4193","26,0024","-","-"
"EBD","GLOBAL MD PORTFÖY İKİNCİ DEĞİŞKEN FON","Değişken Şemsiye Fonu","0,9855","10,4760","24,0520","3,8411","25,8500","63,8951","95,9367"
"AKE","AK PORTFÖY EUROBOND (AMERİKAN DOLARI) BORÇLANMA ARAÇLARI FONU","Borçlanma Araçları Şemsiye Fonu","1,8582","-3,6272","7,9987","-1,7361","25,7942","112,1812","187,1327"
"ACC","İSTANBUL PORTFÖY DÖRDÜNCÜ HİSSE SENEDİ FONU (HİSSE SENEDİ YOĞUN)","Hisse Senedi Şemsiye Fonu","-1,6937","3,2998","15,5489","7,2761","25,7069","125,6255","-"
"AJN","AK PORTFÖY DÖRDÜNCÜ SERBEST (DÖVIZ) FON","Serbest Şemsiye Fonu","5,0980","-1,5839","5,5412","1,7400","25,6745","-","-"
"TCA","ZİRAAT PORTFÖY ALTIN KATILIM FONU","Katılım Şemsiye Fonu","-1,2328","-11,0388","-11,2702","-8,9861","25,6708","139,4887","214,7093"
"GPC","GARANTİ PORTFÖY İKİNCİ SERBEST ( DÖVİZ ) FON","Serbest Şemsiye Fonu","1,6295","-1,4513","9,3783","0,3468","25,6412","-","-"
"TIP","TEB PORTFÖY ING BANK ÖZEL BANKACILIK VE PLATİNUM SERBEST (DÖVİZ) ÖZEL FON","Serbest Şemsiye Fonu","5,0439","-1,1329","5,8591","2,1863","25,6121","-","-"
"AAS","ATA PORTFÖY FON SEPETİ SERBEST FONU","Serbest Şemsiye Fonu","0,0740","7,5628","9,2197","6,2697","25,6023","96,3103","155,2019"
"AVZ","AK PORTFÖY SERBEST ( DÖVİZ ) FONU","Serbest Şemsiye Fonu","5,1148","-1,5867","5,1800","1,9503","25,5688","-","-"
"TPZ","TEB PORTFÖY KİRA SERTİFİKALARI (DÖVİZ) KATILIM FONU","Katılım Şemsiye Fonu","4,8840","-2,5337","4,3268","1,6217","25,5374","154,4378","-"
"FUB","QNB FINANS PORTFÖY EUROBOND BORÇLANMA ARAÇLARI FONU","Borçlanma Araçları Şemsiye Fonu","2,6510","-2,9592","8,3577","-0,2130","25,5194","121,4560","199,0193"
"GTA","GARANTİ PORTFÖY ALTIN FONU","Kıymetli Madenler Şemsiye Fonu","-1,4342","-11,4490","-11,6034","-9,1834","25,4803","138,5156","209,8219"
"ARL","AK PORTFÖY BİRİNCİ FON SEPETİ FONU","Fon Sepeti Şemsiye Fonu","0,7301","5,7661","13,2220","3,4956","25,4802","79,3862","125,8250"
"TPJ","TEB PORTFÖY BİRİNCİ SERBEST (DÖVİZ) FON","Serbest Şemsiye Fonu","4,2499","-1,4024","6,3884","1,4694","25,3139","-","-"
"IID","İŞ PORTFÖY İKİNCİ SERBEST (DÖVİZ) FON","Serbest Şemsiye Fonu","1,8393","-2,0146","4,9667","1,1046","25,2356","-","-"
"YKT","YAPI KREDİ PORTFÖY ALTIN FONU","Kıymetli Madenler Şemsiye Fonu","-1,3765","-11,0771","-11,6615","-9,1248","25,1202","141,0609","213,4172"
"ODS","OYAK PORTFÖY İKİNCİ SERBEST(DÖVİZ) FON","Serbest Şemsiye Fonu","5,1735","-0,5737","7,0643","2,3387","25,0672","-","-"
"AIG","AZİMUT PORTFÖY İA SERBEST ÖZEL FON","Serbest Şemsiye Fonu","1,7927","-3,2973","4,5103","-0,5786","25,0597","107,8203","189,4430"
"RBA","ALBARAKA PORTFÖY ALTIN KATILIM FONU","Katılım Şemsiye Fonu","-1,0815","-9,2149","-9,4438","-7,4969","25,0100","-","-"
"FIB","FİBA PORTFÖY ALTIN FONU","Kıymetli Madenler Şemsiye Fonu","-1,4066","-11,1930","-12,0238","-9,2773","25,0046","136,7317","208,9242"
"ICS","ICBC TURKEY PORTFÖY SERBEST (DÖVİZ) FON","Serbest Şemsiye Fonu","5,3189","-1,7406","4,3008","1,8026","24,9791","-","-"
"HBF","HSBC PORTFÖY ALTIN FONU","Kıymetli Madenler Şemsiye Fonu","-1,0852","-10,3295","-11,3297","-8,2260","24,9156","133,8522","206,7170"
"DBA","DENİZ PORTFÖY ALTIN FONU","Kıymetli Madenler Şemsiye Fonu","-1,4081","-11,1025","-11,4471","-9,0090","24,8766","135,2458","205,2777"
"TTA","İŞ PORTFÖY ALTIN FONU","Kıymetli Madenler Şemsiye Fonu","-1,4995","-11,1540","-11,5603","-9,1910","24,8099","137,8001","213,2643"
"AFO","AK PORTFÖY ALTIN FONU","Kıymetli Madenler Şemsiye Fonu","-1,4151","-11,1710","-11,5584","-8,9837","24,6510","137,5996","211,0286"
"IDF","İŞ PORTFÖY SERBEST (DÖVİZ) FON","Serbest Şemsiye Fonu","5,0041","-1,9708","4,1035","1,5093","24,6240","-","-"
"TDP","TEB PORTFÖY İKİNCİ SERBEST (DÖVİZ) FON","Serbest Şemsiye Fonu","4,5407","-2,8345","2,2152","1,0542","24,5092","-","-"
"UPS","ÜNLÜ PORTFÖY BEŞİNCİ SERBEST (DÖVİZ) ÖZEL FON","Serbest Şemsiye Fonu","1,5458","-2,3308","5,3186","1,0121","24,4438","-","-"
"YBE","YAPI KREDİ PORTFÖY EUROBOND (DOLAR) BORÇLANMA ARAÇLARI FONU","Borçlanma Araçları Şemsiye Fonu","2,6931","-2,2378","9,0835","-0,3921","24,4382","110,9922","191,3922"
"DPB","DENİZ PORTFÖY SERBEST (DÖVİZ) FON","Serbest Şemsiye Fonu","1,6020","-2,7383","10,0647","-0,4657","24,3947","-","-"
"TZC","ZİRAAT PORTFÖY BÜYÜYEN ÇOCUKLARA YÖNELİK DEĞİŞKEN ÖZEL FON","Değişken Şemsiye Fonu","0,9589","8,1761","17,6777","3,4578","24,3453","61,5673","131,6010"
"GPA","GARANTİ PORTFÖY EUROBOND BORÇLANMA ARAÇLARI (DÖVİZ) FONU","Borçlanma Araçları Şemsiye Fonu","3,7345","-1,9580","7,7400","1,2717","24,3044","111,6402","182,9985"
"FNO","QNB FINANS PORTFÖY BIRINCI DEĞIŞKEN FON","Değişken Şemsiye Fonu","2,1699","3,4216","8,8689","2,3905","24,0784","65,6401","117,5382"
"TUA","TEB PORTFÖY ALTIN FONU","Kıymetli Madenler Şemsiye Fonu","-1,3462","-11,2252","-11,8590","-9,0743","24,0646","136,0610","208,1408"
"YMM","YAPI KREDİ PORTFÖY EMİRGAN SERBEST (DÖVİZ) FON","Serbest Şemsiye Fonu","1,3153","-1,9128","5,8222","0,6950","23,9196","-","-"
"ICA","ICBC TURKEY PORTFÖY ALTIN FONU","Kıymetli Madenler Şemsiye Fonu","-1,3128","-10,6414","-11,3232","-8,8274","23,7832","174,1111","256,7590"
"AGC","AK PORTFÖY AGI DEĞİŞKEN FON","Değişken Şemsiye Fonu","3,9057","-4,5315","2,0734","-0,3640","23,7088","-","-"
"KRT","KARE PORTFÖY TÜRKİYE ODAKLI SERBEST (DÖVİZ ) FON","Serbest Şemsiye Fonu","1,2334","-2,8982","4,2798","0,5890","23,6373","-","-"
"SPG","AZİMUT PORTFÖY BEG SERBEST ÖZEL FON","Serbest Şemsiye Fonu","0,3181","4,8733","12,0530","3,0218","23,6064","-","-"
"TTP","TEB PORTFÖY ÜÇÜNCÜ SERBEST (DÖVİZ) FON","Serbest Şemsiye Fonu","4,7417","-2,5457","2,7578","1,2695","23,6005","-","-"
"AAK","ATA PORTFÖY ÇOKLU VARLIK DEĞİŞKEN FON","Değişken Şemsiye Fonu","1,0028","5,9405","10,9266","2,7614","23,5719","80,3173","138,1015"
"HPD","HSBC PORTFÖY ÇOKLU VARLIK İKİNCİ DEĞİŞKEN FON","Değişken Şemsiye Fonu","1,4472","4,9381","13,3672","2,8834","23,4753","68,8606","117,1246"
"YPL","YAPI KREDİ PORTFÖY BALAT SERBEST (DÖVİZ) FON","Serbest Şemsiye Fonu","5,0982","-1,0289","4,4021","1,9239","23,4028","-","-"
"TPC","TEB PORTFÖY BİRİNCİ FON SEPETİ FONU","Fon Sepeti Şemsiye Fonu","1,3067","3,7731","6,2077","1,6007","23,3439","-","-"
"YSF","YAPI KREDİ PORTFÖY DRAGOS SERBEST  FON","Serbest Şemsiye Fonu","3,3737","6,8964","9,0873","5,6478","23,1752","-","-"
"GSE","AZİMUT PORTFÖY 7.0 SERBEST (DÖVİZ) FON","Serbest Şemsiye Fonu","1,0775","-3,8315","1,8382","0,0804","23,1017","-","-"
"EIB","QİNVEST PORTFÖY DEĞİŞKEN FON","Değişken Şemsiye Fonu","2,3146","6,2340","12,6484","4,0549","22,7420","99,1873","139,2006"
"HBU","HSBC PORTFÖY BİST 30 ENDEKSİ HİSSE SENEDİ FONU (HİSSE SENEDİ YOĞUN FON)","Hisse Senedi Şemsiye Fonu","-0,4837","10,3298","32,3758","-0,8139","22,6900","19,3883","86,4793"
"ACZ","İSTANBUL PORTFÖY HİTİT SERBEST FON","Serbest Şemsiye Fonu","0,4865","2,5263","11,3444","1,1069","22,6607","76,7845","-"
"GDS","GARANTİ PORTFÖY DÖRDÜNCÜ SERBEST (DÖVİZ) FON","Serbest Şemsiye Fonu","0,8516","-3,5188","3,4830","0,1013","22,6551","-","-"
"ZPF","ZİRAAT PORTFÖY KATILIM FONU (DÖVİZ)","Katılım Şemsiye Fonu","3,5298","-4,0142","2,0915","0,0817","22,6314","116,4523","197,2280"
"IMY","İŞ PORTFÖY SKYLARK SERBEST (DÖVİZ) ÖZEL FON","Serbest Şemsiye Fonu","4,7887","-","-3,3359","-","22,6268","-","-"
"YAK","YAPI KREDİ PORTFÖY KARMA FON","Karma Şemsiye Fonu","0,2213","7,2315","21,5097","2,1906","22,6254","44,3868","92,0084"
"UPD","ÜNLÜ PORTFÖY DÖRDÜNCÜ SERBEST FON","Serbest Şemsiye Fonu","1,4837","-2,6422","5,0559","0,9917","22,4639","107,1862","-"
"DDS","DENİZ PORTFÖY DAMLA SERBEST ÖZEL FON","Serbest Şemsiye Fonu","1,8377","-0,7409","11,8419","1,0648","22,4041","-","-"
"TDB","TEB PORTFÖY BOĞAZİÇİ SERBEST (DÖVİZ) FON","Serbest Şemsiye Fonu","-1,8971","-3,3574","-","-0,5178","22,1224","-","-"
"IDD","LOGOS PORTFÖY DİNAMİK DAĞIMLI SERBEST FON","Serbest Şemsiye Fonu","-0,4208","6,9115","18,5967","2,8989","21,9651","-","-"
"GAG","GEDİK PORTFÖY BİRİNCİ SERBEST (DÖVIZ)  FON","Serbest Şemsiye Fonu","4,1760","-2,7925","3,6150","0,7110","21,9352","-","-"
"TDG","İŞ PORTFÖY YABANCI BORÇLANMA ARAÇLARI FONU","Borçlanma Araçları Şemsiye Fonu","2,2608","-5,9497","-0,6559","-2,0225","21,8622","109,5421","192,7510"
"KZL","KT PORTFÖY KIZILAY'A DESTEK ALTIN KATILIM FONU","Katılım Şemsiye Fonu","-1,4866","-11,0759","-11,8580","-9,2156","21,8480","-","-"
"SUA","ÜNLÜ PORTFÖY BİRİNCİ DEĞİŞKEN FON","Değişken Şemsiye Fonu","1,5114","5,8571","11,7231","4,1440","21,7381","86,0391","163,7426"
"ACN","İSTANBUL PORTFÖY LİDYA SERBEST (DÖVİZ) FON","Serbest Şemsiye Fonu","2,3808","4,5882","15,2872","3,5906","21,7205","76,6765","-"
"TIE","İŞ PORTFÖY BIST 30 ENDEKSİ HİSSE SENEDİ FONU (HİSSE SENEDİ YOĞUN FON)","Hisse Senedi Şemsiye Fonu","-0,3211","9,9578","30,9844","-0,5860","21,7123","19,4200","82,6733"
"MPD","MÜKAFAT PORTFÖY KATILIM AKTIF SERBEST (DÖVIZ) FON","Serbest Şemsiye Fonu","4,7198","-1,3776","-1,3776","0,2421","21,6938","-","-"
"TPL","TEB PORTFÖY EUROBOND (DÖVİZ) BORÇLANMA ARAÇLARI FONU","Borçlanma Araçları Şemsiye Fonu","4,3404","-2,5072","5,4524","1,2368","21,6851","111,4227","-"
"YYB","YAPI KREDİ PORTFÖY BEBEK SERBEST (DÖVİZ) FON","Serbest Şemsiye Fonu","0,9022","-3,2922","3,4799","-0,1546","21,6804","-","-"
"YRF","YAPI KREDİ PORTFÖY ODEABANK İKİNCİ SERBEST(DÖVİZ)ÖZEL FON","Serbest Şemsiye Fonu","1,0531","-2,8807","4,2885","0,2247","21,6717","-","-"
"GAE","GARANTİ PORTFÖY BİST30 ENDEKSİ HİSSE SENEDİ FONU (HİSSE SENEDİ YOĞUN FON)","Hisse Senedi Şemsiye Fonu","-0,1536","9,8622","30,6324","-0,4845","21,6103","19,8464","82,4562"
"DPZ","DENİZ PORTFÖY YAZ SERBEST (DÖVİZ) ÖZEL FON","Serbest Şemsiye Fonu","4,1937","6,1163","6,1163","6,1163","21,4919","-","-"
"KRF","KARE PORTFÖY BİRİNCİ DEĞİŞKEN FON","Değişken Şemsiye Fonu","1,3903","8,0997","16,2317","4,7657","21,4422","76,6288","-"
"AJE","AK PORTFÖY ÜÇÜNCÜ SERBEST ( DÖVİZ ) FON","Serbest Şemsiye Fonu","4,4718","-3,0248","2,5933","0,6364","21,4369","-","-"
"YRO","YAPI KREDİ PORTFÖY ODEABANK SERBEST (DÖVİZ)ÖZEL FON","Serbest Şemsiye Fonu","0,9052","-3,4436","3,2466","-0,0961","21,4165","-","-"
"ICC","ICBC TURKEY PORTFÖY İKİNCİ DEĞİŞKEN FON","Değişken Şemsiye Fonu","0,7459","7,0120","18,1615","2,6841","21,2976","50,3875","108,9334"
"FYG","AZİMUT PORTFÖY ÖPY SERBEST ( DÖVİZ ) ÖZEL FON","Serbest Şemsiye Fonu","0,8763","-4,2511","1,2168","0,4139","21,2918","-49,2007","-"
"ZPC","ZİRAAT PORTFÖY FON SEPETİ FONU","Fon Sepeti Şemsiye Fonu","0,4502","3,0753","9,7130","0,6317","21,1614","79,4177","120,8370"
"PBK","QİNVEST PORTFÖY BİRİNCİ KATILIM SERBEST(DÖVİZ) FON","Serbest Şemsiye Fonu","4,7834","-2,1241","2,9564","1,1856","21,1064","-","-"
"AKU","AK PORTFÖY BİST 30 ENDEKSİ HİSSE SENEDİ FONU (HİSSE SENEDİ YOĞUN FON)","Hisse Senedi Şemsiye Fonu","-0,6577","9,1451","29,2970","-0,5796","21,0777","24,5536","87,6503"
"IBB","İŞ PORTFÖY ÜÇÜNCÜ DEĞİŞKEN FON","Değişken Şemsiye Fonu","1,0018","3,9474","11,5743","0,2866","20,8988","-","-"
"KRS","KARE PORTFÖY SERBEST (DÖVİZ) FON","Serbest Şemsiye Fonu","2,2471","-","-10,1310","-","20,8008","-","-"
"TKK","İŞ PORTFÖY KUMBARA HESABI KARMA ÖZEL FON","Karma Şemsiye Fonu","0,4355","4,2532","14,3803","0,9067","20,7733","64,7172","111,4194"
"DZZ","DENİZ PORTFÖY ECEM SERBEST (DÖVİZ) ÖZEL FON","Serbest Şemsiye Fonu","7,6430","-0,1844","8,1119","4,1142","20,5254","-","-"
"YPK","YAPI KREDİ PORTFÖY GALATA SERBEST FON","Serbest Şemsiye Fonu","0,9947","4,1454","11,5538","1,9660","20,4476","-","-"
"FPZ","QNB FİNANS PORTFÖY BİRİNCİ SERBEST (DÖVİZ) FON","Serbest Şemsiye Fonu","2,6593","-3,7711","5,3095","-0,2954","20,4141","-","-"
"FFO","QNB FİNANS PORTFÖY SER SERBEST (DÖVİZ) ÖZEL FON","Serbest Şemsiye Fonu","-0,2237","-4,7784","2,2891","-1,1508","20,2444","-","-"
"FYI","AZİMUT PORTFÖY 4.0 SERBEST FON","Serbest Şemsiye Fonu","0,6694","4,6221","11,7276","2,4254","20,2262","-","-"
"IBC","İŞ PORTFÖY CENOVA SERBEST ÖZEL FON","Serbest Şemsiye Fonu","3,4124","0,5049","8,0439","2,7973","20,0827","-","-"
"KIS","QİNVEST PORTFÖY KİRA SERTİFİKASI KATILIM (DÖVİZ) FONU","Katılım Şemsiye Fonu","5,4304","-1,6845","4,6786","2,3258","19,8326","105,0381","189,8459"
"TPV","AURA PORTFÖY İKİNCİ DEĞİŞKEN FON","Değişken Şemsiye Fonu","0,7136","5,4810","12,8027","3,9453","19,7709","56,5575","-"
"PUT","AK PORTFÖY ÖPY BEŞİNCİ SERBEST ÖZEL FON","Serbest Şemsiye Fonu","2,9053","1,0622","4,5164","1,2406","19,7184","-","-"
"SPN","AZIMUT PORTFÖY PİYASA NÖTR SERBEST FON","Serbest Şemsiye Fonu","2,3647","6,0070","10,0830","4,9005","19,6463","-","-"
"YEF","YAPI KREDİ PORTFÖY BIST 30 ENDEKSİ HİSSE SENEDİ FONU (HİSSE SENEDİ YOĞUN FON)","Hisse Senedi Şemsiye Fonu","-0,7732","9,1815","30,9931","-1,2396","19,6297","17,4370","82,4323"
"TSP","AZİMUT PORTFÖY TESA SERBEST (DÖVİZ) ÖZEL FON","Serbest Şemsiye Fonu","4,9578","-10,6414","0,8424","-3,3091","19,5864","-","-"
"GPI","GARANTİ PORTFÖY İKİNCİ DEĞİŞKEN FON","Değişken Şemsiye Fonu","0,2358","2,9433","10,8201","0,9089","19,5223","68,2766","126,2491"
"IMZ","İŞ PORTFÖY POYRAZ SERBEST (DÖVİZ) ÖZEL FON","Serbest Şemsiye Fonu","-","-","-2,0241","-","19,3158","-","-"
"GPU","GARANTİ PORTFÖY ÜÇÜNCÜ DEĞİŞKEN FON","Değişken Şemsiye Fonu","0,0561","2,6438","11,9379","0,5169","19,1603","66,5370","139,9736"
"TCI","TACİRLER PORTFÖY İSTATİSTİKSEL ARBİTRAJ SERBEST FON","Serbest Şemsiye Fonu","1,9551","5,4000","10,4087","4,0055","19,1210","-","-"
"EIC","QİNVEST PORTFÖY İKİNCİ DEĞİŞKEN FONU","Değişken Şemsiye Fonu","0,4276","4,9694","10,4481","2,1216","18,9316","89,6262","133,6516"
"GPG","GEDİK PORTFÖY BİRİNCİ DEĞİŞKEN FON","Değişken Şemsiye Fonu","0,7137","4,9049","15,2924","2,9074","18,9013","-","-"
"AOY","AK PORTFÖY ALTERNATİF ENERJİ YABANCI HİSSE SENEDİ FONU","Hisse Senedi Şemsiye Fonu","-12,2195","-19,8460","-7,9176","-17,5376","18,8978","80,5403","218,3683"
"SPA","AZIMUT PORTFÖY 6.0 SERBEST (DÖVIZ) FON","Serbest Şemsiye Fonu","1,3689","-10,0576","-3,3926","1,3354","18,8387","-","-"
"TNI","TEB PORTFÖY ING BANK ÖZEL BANKACILIK VE PLATİNUM DEĞİŞKEN ÖZEL FON","Değişken Şemsiye Fonu","0,7340","3,7039","8,9509","1,4213","18,6968","-","-"
"ICG","İŞ PORTFÖY ARCADİA SERBEST (DÖVİZ) ÖZEL FON","Serbest Şemsiye Fonu","5,0883","-","-2,5445","-","18,3169","-","-"
"GSO","GARANTİ PORTFÖY ÖPY SERBEST ÖZEL FON","Serbest Şemsiye Fonu","1,5552","2,9131","10,8410","1,7541","18,3161","72,5288","-"
"GAK","GEDİK PORTFÖY KARMA FON","Karma Şemsiye Fonu","-0,2035","5,2015","15,4183","1,8947","18,1828","69,2701","107,9976"
"IMS","İŞ PORTFÖY MERMER SERBEST ÖZEL FON","Serbest Şemsiye Fonu","2,9246","0,5999","6,2770","1,9598","17,9704","-","-"
"DSP","DENİZ PORTFÖY BİRİNCİ FON SEPETİ FONU","Fon Sepeti Şemsiye Fonu","0,3055","3,0325","8,1492","1,0652","17,9043","54,1460","-"
"DPI","DENİZ PORTFÖY İSTATİSTİKSEL ARBİTRAJ SERBEST FON","Serbest Şemsiye Fonu","1,4957","5,3520","9,6295","3,1314","17,8982","-","-"
"KTT","KT PORTFÖY KÜRESEL KİRA SERTİFİKALARI (DÖVİZ) SERBEST FON","Serbest Şemsiye Fonu","4,5587","-3,2942","0,9333","0,6179","17,8893","107,1317","-"
"ARP","AK PORTFÖY ÖPY BİRİNCİ SERBEST ÖZEL FON","Serbest Şemsiye Fonu","-0,1000","4,4058","25,1126","-0,9809","17,8548","49,2878","131,8539"
"IMT","İŞ PORTFÖY TOROS SERBEST (DÖVİZ) ÖZEL FON","Serbest Şemsiye Fonu","-","-","-1,3173","-","17,7809","-","-"
"OBP","OYAK PORTFÖY İKİNCİ DEĞİŞKEN FON","Değişken Şemsiye Fonu","0,9434","6,2789","12,3458","2,8154","17,6315","62,8599","92,2178"
"OSD","OSMANLI PORTFÖY ÖZEL SEKTÖR BORÇLANMA ARAÇLARI FONU","Borçlanma Araçları Şemsiye Fonu","1,3460","4,7585","9,5943","3,2755","17,0057","67,6521","114,9682"
"RBK","ALBARAKA PORTFÖY KATILIM FONU","Katılım Şemsiye Fonu","3,7243","-0,7268","3,9103","1,5571","16,8466","-","-"
"GPB","GARANTİ PORTFÖY BİRİNCİ DEĞİŞKEN FON","Değişken Şemsiye Fonu","0,8272","3,5027","9,1440","2,1413","16,7269","63,8111","113,2903"
"GKS","GEDİK PORTFÖY İKİNCİ SERBEST FON","Serbest Şemsiye Fonu","0,9155","3,5559","8,9277","1,8138","16,6782","-","-"
"TI7","İŞ PORTFÖY İKİNCİ DEĞİŞKEN FON","Değişken Şemsiye Fonu","1,0455","3,3042","8,5814","1,0063","16,4665","60,0632","113,5099"
"GMP","GARANTİ PORTFÖY GM SERBEST (DÖVİZ) ÖZEL FON","Serbest Şemsiye Fonu","1,8997","-","-","-","16,4421","-","-"
"IDY","TEB PORTFÖY İKİNCİ DEĞİŞKEN FON","Değişken Şemsiye Fonu","0,7597","3,2642","8,1136","1,6741","16,1800","70,6759","105,0344"
"TZH","ZİRAAT PORTFÖY TZH SERBEST ÖZEL FON","Serbest Şemsiye Fonu","1,0967","2,1324","5,1175","1,2545","16,1701","-","-"
"INH","GARANTİ PORTFÖY ING BANK ÖZEL BANKACILIK VE PLATİNUM DEĞİŞKEN ÖZEL FON","Değişken Şemsiye Fonu","0,1080","1,7215","8,2741","0,1661","15,9825","73,1138","-"
"GLS","AZİMUT PYŞ KİRA SERTİFİKALARI (SUKUK) KATILIM FONU","Katılım Şemsiye Fonu","1,1547","0,4976","8,4211","2,2507","15,3757","72,3049","132,6559"
"GSM","GEDİK PORTFÖY SİLVER CAPİTAL SERBEST ÖZEL FON","Serbest Şemsiye Fonu","1,1780","2,5965","8,0944","2,6889","15,0745","-","-"
"FCV","FİBA PORTFÖY ÇOKLU VARLIK BİRİNCİ DEĞİŞKEN FON","Değişken Şemsiye Fonu","1,2622","4,3053","7,8982","2,8251","14,9575","62,1544","-"
"GAH","GARANTİ PORTFÖY MUTLAK GETİRİ HEDEFLİ DEĞİŞKEN FON","Değişken Şemsiye Fonu","0,2863","2,1507","7,7583","0,6720","14,9138","65,7168","-"
"APJ","AK PORTFÖY DÖRDÜNCÜ FON SEPETİ FONU","Fon Sepeti Şemsiye Fonu","1,0982","5,0099","9,2776","3,3031","14,7766","59,6584","-"
"GAN","GEDİK PORTFÖY ALFON SERBEST FON","Serbest Şemsiye Fonu","1,2904","4,2322","7,5180","2,8519","14,7542","-","-"
"AZF","AK PORTFÖY PY ÖZEL SEKTÖR BORÇLANMA ARAÇLARI ÖZEL FONU","Borçlanma Araçları Şemsiye Fonu","1,6235","4,7645","8,6041","3,3780","14,7444","71,5055","122,9479"
"IYB","AURA PORTFÖY DEĞİŞKEN FONU","Değişken Şemsiye Fonu","0,8276","3,5355","10,9665","3,4155","14,7092","50,4175","90,1710"
"KRC","KARE PORTFÖY BİRİNCİ BORÇLANMA ARAÇLARI FONU","Borçlanma Araçları Şemsiye Fonu","1,5556","4,1041","8,9727","2,9766","14,4808","64,2075","108,9990"
"PUR","AK PORTFÖY ÖPY DÖRDÜNCÜ SERBEST ÖZEL FON","Serbest Şemsiye Fonu","0,9961","4,5925","8,7552","2,5871","14,4509","-","-"
"IPE","İŞ PORTFÖY ANADOLU SİGORTA SERBEST ÖZEL FON","Serbest Şemsiye Fonu","1,0231","3,3536","8,3717","1,6424","14,4230","-","-"
"SUB","ÜNLÜ PORTFÖY İKİNCİ DEĞİŞKEN FON","Değişken Şemsiye Fonu","3,3313","6,8248","9,4263","5,9040","14,4107","39,5121","40,7970"
"HOA","HSBC PORTFÖY ÇOKLU VARLIK ÜÇÜNCÜ DEĞİŞKEN FON","Değişken Şemsiye Fonu","-1,7170","0,2362","6,9354","0,2585","14,2161","47,9805","96,2488"
"YBP","YAPI KREDİ PORTFÖY PY BİRİNCİ DEĞİŞKEN ÖZEL FON","Değişken Şemsiye Fonu","0,6883","-0,2627","6,9904","0,1249","14,0002","89,9405","136,3239"
"TE3","TEB PORTFÖY MUTLAK GETİRİ HEDEFLİ DEĞİŞKEN FON","Değişken Şemsiye Fonu","1,0073","3,2097","6,8773","2,1681","13,9475","57,4586","103,1726"
"PUC","AK PORTFÖY ÖPY ÜÇÜNCÜ SERBEST ÖZEL FON","Serbest Şemsiye Fonu","1,3118","4,3409","7,5321","3,1108","13,8737","-","-"
"YDP","YAPI KREDİ PORTFÖY PY ÜÇÜNCÜ DEĞİŞKEN ÖZEL FON","Değişken Şemsiye Fonu","-0,1273","2,2705","6,9893","0,8932","13,8390","71,8080","118,5983"
"AHU","ATLAS PORTFÖY BİRİNCİ ÖZEL SEKTÖR BORÇLANMA ARAÇLARI FONU","Borçlanma Araçları Şemsiye Fonu","1,3151","4,4725","7,9098","2,9741","13,7611","68,8110","-"
"IMH","İŞ PORTFÖY ANADOLU HAYAT EMEKLİLİK SERBEST ÖZEL FON","Serbest Şemsiye Fonu","0,8252","2,5071","6,9858","1,0490","13,6385","-","-"
"SSO","AK PORTFÖY AK SANDIK SERBEST ÖZEL FON","Serbest Şemsiye Fonu","0,9814","3,9034","7,9519","2,6282","13,3799","69,9379","-"
"OYT","OYAK PORTFÖY BİRİNCİ SERBEST FON","Serbest Şemsiye Fonu","1,4075","3,9185","7,3997","3,0027","13,3145","73,6674","-"
"OTK","OYAK PORTFÖY BİRİNCİ KATILIM SERBEST FON","Serbest Şemsiye Fonu","1,1631","2,0862","4,8289","2,5702","13,3087","55,8345","-"
"FDO","QNB FİNANS PORTFÖY SULTAN SERBEST(DÖVİZ) ÖZEL FON","Serbest Şemsiye Fonu","1,7793","-5,3085","-3,1602","-","13,1200","-","-"
"ARE","İSTANBUL PORTFÖY YABANCI (GELİŞMEKTE OLAN PİYASALAR) BORÇLANMA ARAÇLARI FONU","Borçlanma Araçları Şemsiye Fonu","4,2757","-5,2094","0,0068","-0,8656","13,1007","83,6081","163,1470"
"MPK","MÜKAFAT PORTFÖY KİRA SERTİFİKASI KATILIM FONU","Katılım Şemsiye Fonu","1,1647","3,3129","7,3648","2,5700","13,0956","60,1727","-"
"ICD","ICBC TURKEY PORTFÖY BİRİNCİ DEĞİŞKEN FON","Değişken Şemsiye Fonu","1,3073","4,5171","9,6766","2,9679","13,0740","53,2467","92,0988"
"ARF","AK PORTFÖY ÖPY İKİNCİ SERBEST ÖZEL FON","Serbest Şemsiye Fonu","1,3424","4,0831","7,6480","2,8901","12,7219","68,1584","109,6351"
"YSU","YAPI KREDİ PORTFÖY ÜÇÜNCÜ DEĞİŞKEN FON","Değişken Şemsiye Fonu","0,4932","5,7120","12,0226","2,1945","12,6920","58,2455","87,3174"
"TPO","İŞ PORTFÖY PY ÖZEL SEKTÖR BORÇLANMA ARAÇLARI ÖZEL FONU","Borçlanma Araçları Şemsiye Fonu","1,2322","3,7018","6,8599","2,6534","12,6913","63,7713","106,7023"
"GBN","GARANTİ PORTFÖY BEŞİNCİ SERBEST FON","Serbest Şemsiye Fonu","1,3083","4,1379","7,6168","2,8450","12,6372","-","-"
"DBP","DENİZ PORTFÖY BİRİNCİ DEĞİŞKEN FON","Değişken Şemsiye Fonu","0,8095","2,9659","7,0199","1,8994","12,6061","56,8120","98,1576"
"OGF","OYAK PORTFÖY OYAK ÜYELERI İLE ÇALIŞANLARıNA YÖNELİK BORÇLANMA ARAÇLARI ÖZEL FONU","Borçlanma Araçları Şemsiye Fonu","1,3039","3,8682","7,1770","2,7232","12,5095","-","-"
"KTR","KT PORTFÖY BİRİNCİ KATILIM SERBEST FON","Serbest Şemsiye Fonu","1,1857","3,9492","6,6105","2,6213","12,4103","59,4733","-"
"GTF","AZİMUT PYŞ BİRİNCİ BORÇLANMA ARAÇLARI FONU","Borçlanma Araçları Şemsiye Fonu","1,2592","4,3149","7,7416","2,5810","12,3223","60,9743","101,4044"
"IPF","PERFORM PORTFÖY İKİNCİ SERBEST FON","Serbest Şemsiye Fonu","1,6081","3,4707","6,6582","2,4547","12,3198","-","-"
"TI4","İŞ PORTFÖY BİRİNCİ DEĞIŞKEN FON","Değişken Şemsiye Fonu","1,0362","2,4926","6,2203","1,7562","12,3130","60,6339","91,1399"
"AIM","AK PORTFÖY MİMKA SERBEST ÖZEL FON","Serbest Şemsiye Fonu","-9,8995","-16,0250","14,1271","-9,8750","12,1594","58,8541","-"
"OSL","OSMANLI PORTFÖY KISA VADELİ BORÇLANMA ARAÇLARI FONU","Borçlanma Araçları Şemsiye Fonu","1,2373","3,9012","7,0699","2,7236","12,1108","58,4764","95,3186"
"OKT","OYAK PORTFÖY BİRİNCİ BORÇLANMA ARAÇLARI FONU","Borçlanma Araçları Şemsiye Fonu","1,2636","3,7702","7,0276","2,7393","12,0722","64,8345","110,0119"
"GBL","AZİMUT PYŞ KISA VADELİ BORÇLANMA ARAÇLARI FONU","Borçlanma Araçları Şemsiye Fonu","1,3279","3,7902","6,8699","2,6880","12,0689","57,6974","96,5277"
"DGH","ATA PORTFÖY ÜÇÜNCÜ SERBEST FONU","Serbest Şemsiye Fonu","1,2656","3,9017","7,1547","2,7160","11,9329","62,6069","50,9144"
"FIL","FİBA PORTFÖY PARA PİYASASI FONU","Para Piyasası Şemsiye Fonu","1,2709","3,9445","7,2173","2,7455","11,9320","59,9013","97,9244"
"UPP","ÜNLÜ PORTFÖY PARA PİYASASI FONU","Para Piyasası Şemsiye Fonu","1,2547","3,9403","7,1624","2,6992","11,9152","-","-"
"GYK","GEDİK PORTFÖY BORÇLANMA ARAÇLARI FONU","Borçlanma Araçları Şemsiye Fonu","1,2304","3,6083","6,3862","2,5958","11,6855","61,8386","102,3186"
"EKF","QİNVEST PORTFÖY KİRA SERTİFİKASI KATILIM FONU","Katılım Şemsiye Fonu","1,2330","3,0921","5,9925","2,5823","11,6247","56,7417","91,9532"
"SLF","FİBA PORTFÖY ŞEKERBANK PARA PİYASASI FONU","Para Piyasası Şemsiye Fonu","1,2777","3,9028","7,0241","2,7321","11,5863","57,5245","89,6008"
"EIL","QİNVEST PORTFÖY PARA PİYASASI FONU","Para Piyasası Şemsiye Fonu","1,2331","3,7356","7,0064","2,5912","11,4450","56,3545","90,0737"
"IST","İSTANBUL PORTFÖY KISA VADELİ BORÇLANMA ARAÇLARI FONU","Borçlanma Araçları Şemsiye Fonu","1,2464","3,7067","6,6489","2,6525","11,4439","61,1965","105,5364"
"ANL","AK PORTFÖY ALTERNATİF BANK PARA PİYASASI FONU","Para Piyasası Şemsiye Fonu","1,2203","3,7808","6,9193","2,6571","11,3900","58,4608","95,5569"
"VK6","ZİRAAT PORTFÖY VAKIFBANK PARA PİYASASI FONU","Para Piyasası Şemsiye Fonu","1,2489","3,8539","6,9512","2,6781","11,3262","58,4644","94,2091"
"FSF","FİBA PORTFÖY KISA VADELİ SERBEST FON","Serbest Şemsiye Fonu","1,1702","3,3567","6,4486","2,5283","11,2784","-","-"
"OKP","OYAK PORTFÖY BİRİNCİ KISA VADELİ BORÇLANMA ARAÇLARI FONU","Borçlanma Araçları Şemsiye Fonu","1,2033","3,4959","6,6244","2,6063","11,2779","-","-"
"TZL","ZİRAAT PORTFÖY PARA PİYASASI FONU","Para Piyasası Şemsiye Fonu","1,2470","3,8323","6,9003","2,6643","11,2608","58,3768","95,9955"
"HLL","ZİRAAT PORTFÖY HALKBANK PARA PİYASASI FONU","Para Piyasası Şemsiye Fonu","1,2345","3,8183","6,8875","2,6523","11,1985","57,5302","93,6636"
"AAL","ATA PORTFÖY PARA PİYASASI FONU","Para Piyasası Şemsiye Fonu","1,2208","3,8335","7,0125","2,6674","11,1556","55,9449","89,3060"
"DLY","DENİZ PORTFÖY PARA PİYASASI FONU","Para Piyasası Şemsiye Fonu","1,2223","3,8090","6,8449","2,6332","11,1021","56,1242","91,2452"
"FIT","FİBA PORTFÖY BORÇLANMA ARAÇLARI FONU","Borçlanma Araçları Şemsiye Fonu","1,0919","3,4449","6,3240","2,3975","11,0963","58,1058","95,1019"
"HSL","HSBC PORTFÖY PARA PİYASASI FONU","Para Piyasası Şemsiye Fonu","1,2121","3,8022","6,8778","2,6354","11,0841","57,1928","90,9944"
"ECB","GLOBAL MD PORTFÖY PARA PİYASASI FONU","Para Piyasası Şemsiye Fonu","1,2428","3,7774","6,7843","2,6478","11,0815","57,5628","91,2462"
"ZBD","ZİRAAT PORTFÖY İKİNCİ DEĞİŞKEN FON","Değişken Şemsiye Fonu","1,6286","4,8948","11,2019","2,4160","11,0723","51,3690","95,5023"
"HPO","HSBC PORTFÖY ÇOKLU VARLIK BİRİNCİ DEĞİŞKEN FON","Değişken Şemsiye Fonu","1,1877","3,5850","6,4400","2,7408","11,0479","52,2639","89,0652"
"IGL","TEB PORTFÖY ING BANK PARA PİYASASI FONU","Para Piyasası Şemsiye Fonu","1,1982","3,7527","6,8748","2,5935","11,0223","57,6642","92,3703"
"GTL","GARANTİ PORTFÖY BİRİNCİ PARA PİYASASI FONU","Para Piyasası Şemsiye Fonu","1,2198","3,7777","6,8274","2,6095","11,0060","56,2662","91,0375"
"YBS","YAPI KREDİ PORTFÖY ÖZEL SEKTÖR BORÇLANMA ARAÇLARI FONU","Borçlanma Araçları Şemsiye Fonu","1,1779","3,1961","6,3748","2,3996","10,9735","54,6394","89,3387"
"ICE","ICBC TURKEY PORTFOY PARA PİYASASI FONU","Para Piyasası Şemsiye Fonu","1,2353","3,8128","6,7731","2,6541","10,9058","56,7909","91,0925"
"GAL","GARANTİ PORTFÖY İKİNCİ PARA PİYASASI FONU","Para Piyasası Şemsiye Fonu","1,2155","3,7597","6,7587","2,5997","10,8920","55,9408","90,7356"
"TKM","TEB PORTFÖY PARA PİYASASI FONU","Para Piyasası Şemsiye Fonu","1,1941","3,7263","6,8008","2,5756","10,8744","56,1832","90,7287"
"YLB","YAPI KREDİ PORTFÖY PARA PİYASASI FONU","Para Piyasası Şemsiye Fonu","1,2192","3,7680","6,7794","2,5987","10,8509","56,8312","92,8405"
"TBV","İŞ PORTFÖY ÖZEL SEKTÖR BORÇLANMA ARAÇLARI FONU","Borçlanma Araçları Şemsiye Fonu","1,2513","3,6482","6,1287","2,6749","10,8251","55,6792","95,2539"
"AYR","AK PORTFÖY ÖZEL SEKTÖR BORÇLANMA ARAÇLARI FONU","Borçlanma Araçları Şemsiye Fonu","1,2306","3,6628","6,1748","2,7273","10,8214","56,3170","93,6513"
"KTU","KT PORTFÖY NEOVA KATILIM SERBEST ÖZEL FON","Serbest Şemsiye Fonu","1,2889","3,8568","6,7893","2,7159","10,8024","57,3119","-"
"FI5","QNB FINANS PORTFÖY PARA PIYASASI FONU","Para Piyasası Şemsiye Fonu","1,2140","3,7074","6,5589","2,5847","10,7190","56,9040","92,9112"
"ALE","AK PORTFÖY PARA PIYASASI FONU","Para Piyasası Şemsiye Fonu","1,1993","3,6861","6,6407","2,5877","10,6545","57,1869","94,3695"
"OYL","OYAK PORTFÖY BİRİNCİ PARA PİYASASI FONU","Para Piyasası Şemsiye Fonu","1,2080","3,5851","6,4088","2,5712","10,5209","55,5444","90,0184"
"MPF","MÜKAFAT PORTFÖY KISA VADELİ KİRA SERTİFİKASI KATILIM FONU","Katılım Şemsiye Fonu","1,2330","3,4020","6,0010","2,4793","10,5195","53,5765","-"
"FPK","FİBA PORTFÖY KISA VADELİ BORÇLANMA ARAÇLARI FONU","Borçlanma Araçları Şemsiye Fonu","1,1401","3,4615","6,1871","2,5170","10,5182","54,2027","88,1646"
"HKV","ZİRAAT PORTFÖY HALKBANK KISA VADELİ BORÇLANMA ARAÇLARI FONU","Borçlanma Araçları Şemsiye Fonu","1,1230","3,3235","6,0572","2,3958","10,5164","57,5405","94,3198"
"KTN","KT PORTFÖY KİRA SERTİFİKALARI KATILIM FONU","Katılım Şemsiye Fonu","1,1610","3,5113","4,8486","2,5903","10,4515","52,9240","83,0861"
"TI1","İŞ PORTFÖY PARA PİYASASI FONU","Para Piyasası Şemsiye Fonu","1,1850","3,6174","6,4385","2,5305","10,4309","56,7595","92,8912"
"TGA","GARANTİ PORTFÖY DÖRDÜNCÜ DEĞİŞKEN FON","Değişken Şemsiye Fonu","0,9306","3,8773","6,3987","3,2767","10,4004","67,4206","120,3265"
"GA1","GARANTİ PORTFÖY  BORÇLANMA ARAÇLARI FONU","Borçlanma Araçları Şemsiye Fonu","1,2895","3,4053","6,1476","2,9028","10,3746","50,0576","75,4468"
"SKT","FİBA PORTFÖY ŞEKERBANK KISA VADELİ BORÇLANMA ARAÇLARI FONU","Borçlanma Araçları Şemsiye Fonu","1,2189","3,5100","6,2007","2,5639","10,3584","53,4490","85,4103"
"HOB","HSBC PORTFÖY ÖZEL SEKTÖR BORÇLANMA ARAÇLARI FONU","Borçlanma Araçları Şemsiye Fonu","1,0615","3,2177","6,0459","2,4403","10,3426","52,5769","90,3703"
"VKT","ZİRAAT PORTFÖY VAKIFBANK KISA VADELİ BORÇLANMA ARAÇLARI FONU","Borçlanma Araçları Şemsiye Fonu","1,1043","3,2934","5,9743","2,3651","10,3156","55,0309","88,2413"
"DBZ","DENİZ PORTFÖY ÖZEL SEKTÖR BORÇLANMA ARAÇLARI FONU","Borçlanma Araçları Şemsiye Fonu","1,2078","3,4479","5,9799","2,4573","10,2674","50,7247","86,2672"
"TOT","TEB PORTFÖY ÖZEL SEKTÖR BORÇLANMA ARAÇLARI FONU","Borçlanma Araçları Şemsiye Fonu","1,0843","2,9769","5,3107","2,3576","10,0344","59,2902","98,0051"
"KSV","KT PORTFÖY KISA VADELİ KATILIM SERBEST FON","Serbest Şemsiye Fonu","1,1909","3,5452","5,8980","2,4847","10,0099","-","-"
"TZT","ZİRAAT PORTFÖY BORÇLANMA ARAÇLARI FONU","Borçlanma Araçları Şemsiye Fonu","0,9460","2,9385","6,0583","2,0644","9,9946","56,7861","93,5704"
"ADE","AK PORTFÖY DEĞİŞKEN FON","Değişken Şemsiye Fonu","1,1358","3,5157","6,3623","2,4469","9,9741","50,7029","79,2478"
"AVT","AK PORTFÖY KISA VADELİ BORÇLANMA ARAÇLARI FONU","Borçlanma Araçları Şemsiye Fonu","1,1776","3,5203","6,1153","2,5470","9,9367","52,1881","84,0569"
"TZV","ZİRAAT PORTFÖY KISA VADELİ BORÇLANMA ARAÇLARI FONU","Borçlanma Araçları Şemsiye Fonu","1,0802","3,2245","5,6666","2,3248","9,8996","53,0728","85,1179"
"DDF","DENİZ PORTFÖY DİNAMO SERBEST FON","Serbest Şemsiye Fonu","1,1360","3,8136","6,5971","2,6769","9,7750","-","-"
"ABU","AK PORTFÖY BİREBİR BANKACILIK DEĞİŞKEN ÖZEL FON","Değişken Şemsiye Fonu","1,1500","3,3922","5,9075","2,4387","9,7703","51,5721","80,1003"
"ZPK","ZİRAAT PORTFÖY KISA VADELİ KİRA SERTİFİKALARI KATILIM FONU","Katılım Şemsiye Fonu","1,1684","3,4408","5,6234","2,4738","9,6876","54,3239","-"
"DBK","DENİZ PORTFÖY KISA VADELİ BORÇLANMA ARAÇLARI FONU","Borçlanma Araçları Şemsiye Fonu","1,1477","3,2590","5,6638","2,5592","9,6843","50,4251","82,6215"
"HPV","ZİRAAT PORTFÖY HALKBANK KISA VADELİ KİRA SERTİFİKALARI KATILIM FONU","Katılım Şemsiye Fonu","1,1622","3,4829","5,7731","2,5042","9,6517","51,5853","-"
"IPG","İŞ PORTFÖY KAPİTAL SERBEST FON","Serbest Şemsiye Fonu","1,1896","3,4304","6,5883","2,6242","9,6435","25,5263","49,2319"
"GYL","GEDİK PORTFÖY KISA VADELİ BORÇLANMA ARAÇLARI FONU","Borçlanma Araçları Şemsiye Fonu","1,1306","3,2112","5,8651","2,3444","9,6195","51,5761","82,8127"
"IBK","İŞ PORTFÖY MAXIMUM KART KISA VADELİ BORÇLANMA ARAÇLARI FONU","Borçlanma Araçları Şemsiye Fonu","1,1248","3,4692","6,0637","2,5093","9,5328","52,3783","88,0144"
"RBV","ALBARAKA PORTFÖY KISA VADELİ KİRA SERTİFİKALARI KATILIM FONU","Katılım Şemsiye Fonu","1,1743","3,4886","5,8594","2,5187","9,5322","-","-"
"HPT","HSBC PORTFÖY KISA VADELİ BORÇLANMA ARAÇLARI FONU","Borçlanma Araçları Şemsiye Fonu","1,0139","3,1860","5,6812","2,2527","9,5309","51,7164","82,5118"
"ECV","GLOBAL MD PORTFÖY KISA VADELİ BORÇLANMA ARAÇLARI FONU","Borçlanma Araçları Şemsiye Fonu","1,1857","3,4571","5,7424","2,5093","9,5088","51,5559","80,7177"
"KTV","KT PORTFÖY KISA VADELİ KİRA SERTİFİKALARI KATILIM FONU","Katılım Şemsiye Fonu","1,1588","3,3728","5,6156","2,4500","9,3297","50,1770","-"
"KTS","KT PORTFÖY İKİNCİ KATILIM SERBEST FON","Serbest Şemsiye Fonu","0,7389","2,7375","3,8832","1,7207","9,3118","48,3481","-"
"DPK","DENİZ PORTFÖY KİRA SERTİFİKALARI KATILIM FONU","Katılım Şemsiye Fonu","0,9655","2,5395","5,2304","1,6204","9,1877","49,3090","-"
"AUT","ATA PORTFÖY KISA VADELİ BORÇLANMA ARAÇLARI FONU","Borçlanma Araçları Şemsiye Fonu","0,9854","3,1230","5,1959","2,2512","9,1752","53,6366","88,0221"
"IPI","İŞ PORTFÖY BİRİKİM HESABI KISA VADELİ BORÇLANMA ARAÇLARI FONU","Borçlanma Araçları Şemsiye Fonu","0,9657","3,0009","5,2860","2,1117","9,0968","52,8959","-"
"YDK","YAPI KREDİ PORTFÖY ÇALIŞAN HESAP KISA VADELİ BORÇLANMA ARAÇLARI FONU","Borçlanma Araçları Şemsiye Fonu","0,9865","2,9635","5,2750","2,2063","9,0550","51,0706","82,0499"
"YOT","YAPI KREDİ PORTFÖY ORTA VADELİ BORÇLANMA ARAÇLARI FONU","Borçlanma Araçları Şemsiye Fonu","0,6046","2,3004","4,9256","1,5198","9,0254","53,4773","82,5172"
"TNK","TEB PORTFÖY KISA VADELİ BORÇLANMA ARAÇLARI FONU","Borçlanma Araçları Şemsiye Fonu","1,0721","3,1238","5,2532","2,3206","8,9889","50,0626","80,0919"
"OTF","OYAK PORTFÖY KISA VADELİ KİRA SERTİFİKASI KATILIM FONU","Katılım Şemsiye Fonu","1,1342","3,2951","5,4617","2,3757","8,9324","-","-"
"TGT","GARANTİ PORTFÖY KISA VADELİ BORÇLANMA ARAÇLARI FONU","Borçlanma Araçları Şemsiye Fonu","1,1626","3,4792","5,7752","2,6308","8,9052","49,9391","80,6374"
"TSI","İŞ PORTFÖY MAKSİMUM HESAP KISA VADELI BORÇLANMA ARAÇLARI FONU","Borçlanma Araçları Şemsiye Fonu","1,0706","3,0210","5,2782","2,3062","8,8863","50,5086","80,2715"
"TCB","TACİRLER PORTFÖY KISA VADELİ BORÇLANMA ARAÇLARI FONU","Borçlanma Araçları Şemsiye Fonu","0,9929","3,0923","5,3704","2,1966","8,7321","53,7814","90,7084"
"YHT","YAPI KREDİ PORTFÖY KISA VADELİ BORÇLANMA ARAÇLARI FONU","Borçlanma Araçları Şemsiye Fonu","0,7164","2,5291","4,8620","1,8304","8,6796","50,8127","81,8418"
"TBP","İŞ PORTFÖY PRIVIA BANKACILIK DEĞİŞKEN ÖZEL FON","Değişken Şemsiye Fonu","1,0296","1,7508","4,7080","1,9563","8,6362","48,4219","75,5457"
"TIV","İŞ PORTFÖY KISA VADELI BORÇLANMA ARAÇLARI FONU","Borçlanma Araçları Şemsiye Fonu","1,0614","2,8360","5,0078","2,2555","8,5085","49,4721","79,1995"
"FYT","QNB FINANS PORTFÖY KISA VADELI BORÇLANMA ARAÇLARI FONU","Borçlanma Araçları Şemsiye Fonu","0,9821","2,8255","4,9212","2,1929","8,4808","47,9529","79,7710"
"ECT","GLOBAL MD PORTFÖY ORTA VADELİ BORÇLANMA ARAÇLARI FONU","Borçlanma Araçları Şemsiye Fonu","1,0317","3,1304","5,3517","2,2828","8,4556","49,9031","77,2868"
"MBL","MEKSA PORTFÖY İKİNCİ DEĞİŞKEN FON","Değişken Şemsiye Fonu","0,9958","3,0770","5,5737","2,2630","8,4468","24,0694","43,8521"
"IAT","İŞ PORTFÖY KİRA SERTİFİKALARI KATILIM FONU","Katılım Şemsiye Fonu","1,1347","2,9362","4,3675","2,2299","8,2757","49,1632","70,9521"
"FYO","QNB FINANS PORTFÖY ÖZEL SEKTÖR BORÇLANMA ARAÇLARI FONU","Borçlanma Araçları Şemsiye Fonu","0,9111","2,3808","4,3986","2,1019","8,2700","56,6428","85,8842"
"RBT","ALBARAKA PORTFÖY KİRA SERTİFİKALARI  KATILIM FONU","Katılım Şemsiye Fonu","1,1092","2,9426","4,9741","2,1710","8,0958","-","-"
"ZPG","ZİRAAT PORTFÖY KİRA SERTİFİKALARI (SUKUK) KATILIM FONU","Katılım Şemsiye Fonu","0,7763","1,1154","2,8104","0,7334","7,6892","54,0697","88,1255"
"IYR","İŞ PORTFÖY HEDEF SERBEST FON","Serbest Şemsiye Fonu","0,7510","1,5687","4,0556","1,8890","7,6392","-","-"
"APT","AK PORTFÖY ORTA VADELI BORÇLANMA ARAÇLARI FONU","Borçlanma Araçları Şemsiye Fonu","0,7794","2,7922","4,3216","2,0645","7,5592","54,6780","88,1549"
"YFV","YAPI KREDİ PORTFÖY KİRA SERTİFİKALARI KATILIM FONU","Katılım Şemsiye Fonu","0,4103","2,5290","4,6782","1,7763","7,4118","53,7179","80,0145"
"HST","HSBC PORTFÖY ORTA VADELİ BORÇLANMA ARAÇLARI FONU","Borçlanma Araçları Şemsiye Fonu","0,1692","1,8624","4,5175","1,1838","7,3046","43,2347","65,7906"
"TPF","TACİRLER PORTFÖY BORÇLANMA ARAÇLARI FONU","Borçlanma Araçları Şemsiye Fonu","0,0441","0,5985","3,1055","1,0728","7,2679","65,8213","113,7308"
"TBT","TEB PORTFÖY BORÇLANMA ARAÇLARI FONU","Borçlanma Araçları Şemsiye Fonu","-0,0501","1,4367","2,9487","0,8742","6,9051","46,0202","69,2373"
"USY","ÜNLÜ PORTFÖY MUTLAK GETİRİ HEDEFLİ SERBEST FON","Serbest Şemsiye Fonu","1,2384","-1,4048","2,6139","1,3183","6,5303","-","-"
"AIS","AK PORTFÖY KİRA SERTİFİKALARI KATILIM FONU","Katılım Şemsiye Fonu","1,1236","3,3926","3,7426","2,3222","6,2174","48,9332","74,4762"
"TI6","İŞ PORTFÖY ORTA VADELİ BORÇLANMA ARAÇLARI FONU","Borçlanma Araçları Şemsiye Fonu","0,5214","2,4105","4,1020","1,5559","6,0645","43,0459","67,4555"
"DDC","DENİZ PORTFÖY DÖRDÜNCÜ SERBEST FON","Serbest Şemsiye Fonu","1,2267","3,3125","1,7202","2,5610","5,9122","-","-"
"FI3","QNB FINANS PORTFÖY BORÇLANMA ARAÇLARI FONU","Borçlanma Araçları Şemsiye Fonu","0,2042","1,4263","3,0171","0,9756","5,6692","40,9852","63,5930"
"GPF","GARANTİ PORTFÖY BİRİNCİ KATILIM FONU","Katılım Şemsiye Fonu","1,2031","2,7131","3,5626","2,4594","5,4870","40,5088","59,8460"
"MAD","MEKSA PORTFÖY BİRİNCİ DEĞİŞKEN FON","Değişken Şemsiye Fonu","0,5375","1,5593","2,5080","1,3458","5,3575","45,1048","89,3026"
"IMO","İŞ PORTFÖY ODAK SERBEST ÖZEL FON","Serbest Şemsiye Fonu","0,9899","3,0232","6,6677","1,6318","5,2243","-","-"
"DZT","DENİZ PORTFÖY UZUN VADELİ BORÇLANMA ARAÇLARI FONU","Borçlanma Araçları Şemsiye Fonu","-0,2020","0,9212","3,4171","0,3580","4,6647","43,6965","61,2695"
"DBB","DENİZ PORTFÖY ORTA VADELİ BORÇLANMA ARAÇLARI FONU","Borçlanma Araçları Şemsiye Fonu","0,3517","2,0043","3,2928","1,2954","4,6020","38,8035","53,4558"
"DOS","DENİZ PORTFÖY OLMİ SERBEST (DÖVİZ) ÖZEL FON","Serbest Şemsiye Fonu","-8,9417","-8,9417","-7,9882","-8,9417","4,5630","-","-"
"AK2","AK PORTFÖY UZUN VADELİ BORÇLANMA ARAÇLARI FONU","Borçlanma Araçları Şemsiye Fonu","-0,3811","0,7788","3,6221","0,2233","4,2283","31,3415","52,4907"
"HTT","HSBC PORTFÖY UZUN VADELİ BORÇLANMA ARAÇLARI FONU","Borçlanma Araçları Şemsiye Fonu","-1,0256","-0,0470","3,1482","-0,5309","3,9081","37,8395","55,0259"
"AIH","AK PORTFÖY RTH SERBEST ÖZEL FON","Serbest Şemsiye Fonu","-10,7136","-17,7472","11,7543","-11,2275","3,5982","45,3007","-"
"FYF","STRATEJİ PORTFÖY MUTLAK GETİRİ HEDEFLİ HİSSE SENEDİ SERBEST FON(HİSSE SENEDİ YOĞUN)","Serbest Şemsiye Fonu","0,1170","0,1311","2,7383","1,8042","3,1496","-","-"
"TMC","İŞ PORTFÖY TEMA  DEĞİŞKEN FON","Değişken Şemsiye Fonu","0,9339","2,8514","5,6733","1,7104","2,5693","30,2658","64,3196"
"AES","AK PORTFÖY PETROL YABANCI BYF FON SEPETİ FONU","Fon Sepeti Şemsiye Fonu","18,8565","29,5506","48,1477","30,0129","0,8224","8,2350","56,9582"
"PPF","AZİMUT PORTFÖY AKÇE SERBEST FON","Serbest Şemsiye Fonu","0,6877","-5,7111","-4,4738","-1,2397","0,1310","-","-"
"PAL","AK PORTFÖY ALTINCI SERBEST(DÖVİZ) FON","Serbest Şemsiye Fonu","4,7957","-3,2169","1,2024","0,6796","-","-","-"
"GUM","AK PORTFÖY GÜMÜŞ FON SEPETI FONU","Fon Sepeti Şemsiye Fonu","-","-","-","-","-","-","-"
"HVV","AK PORTFÖY HERAKLES SERBEST (DÖVİZ) ÖZEL FON","Serbest Şemsiye Fonu","4,9528","-","3,0282","-","-","-","-"
"HYY","AK PORTFÖY HERAKLES SERBEST ÖZEL FON","Serbest Şemsiye Fonu","-2,8964","3,9513","21,3704","-3,9375","-","-","-"
"PAI","AK PORTFÖY ING BANK ÖZEL BANKACILIK VE PLATINUM DEĞİŞKEN ÖZEL FON","Değişken Şemsiye Fonu","0,8161","5,3124","-","3,1854","-","-","-"
"GGC","AK PORTFÖY KIYI SERBEST ÖZEL FON","Serbest Şemsiye Fonu","1,3616","4,4126","-","2,9456","-","-","-"
"PAP","AK PORTFÖY MİSTRAL SERBEST(DÖVİZ) ÖZEL FON","Serbest Şemsiye Fonu","-","-","0,0000","-","-","-","-"
"LHM","AK PORTFÖY NETA SERBEST (DÖVİZ) ÖZEL FON","Serbest Şemsiye Fonu","-","-","-","-","-","-","-"
"OPZ","AK PORTFÖY ÖPY ALTINCI SERBEST ÖZEL FON","Serbest Şemsiye Fonu","-","-","-","-","-","-","-"
"PUV","AK PORTFÖY PRUVA SERBEST (DÖVİZ) ÖZEL FON","Serbest Şemsiye Fonu","-","-","-","-","-","-","-"
"ICZ","AK PORTFÖY TEKNOLOJİ ŞİRKETLERİ HİSSE SENEDİ FONU (HİSSE SENEDİ YOĞUN FON)","Hisse Senedi Şemsiye Fonu","5,8422","-","-","-","-","-","-"
"BGP","AK PORTFÖY ÜÇÜNCÜ PARA PİYASASI FONU","Para Piyasası Şemsiye Fonu","1,2142","3,7710","6,8734","2,6240","-","-","-"
"LHP","AK PORTFÖY YEDİNCİ SERBEST (DÖVİZ) FON","Serbest Şemsiye Fonu","-","-","-","-","-","-","-"
"PVK","ALBARAKA PORTFÖY KISA VADELİ KATILIM SERBEST FON","Serbest Şemsiye Fonu","1,2185","3,6847","6,1656","2,6385","-","-","-"
"YCL","ATA PORTFÖY BEŞİNCİ SERBEST FON","Serbest Şemsiye Fonu","-","-","-","-","-","-","-"
"ZVB","ATLAS PORTFÖY İKİNCİ SERBEST FON","Serbest Şemsiye Fonu","1,1514","58,0236","-","20,1299","-","-","-"
"PBS","AZİMUT PORTFÖY BOĞAZİÇİ SERBEST (DÖVİZ) FON","Serbest Şemsiye Fonu","1,1048","-3,4440","2,4459","0,2064","-","-","-"
"HYP","AZİMUT PORTFÖY İVME SERBEST FON","Serbest Şemsiye Fonu","1,4847","-3,4540","-","-1,6333","-","-","-"
"KFK","AZİMUT PORTFÖY KAAN SERBEST ÖZEL FON","Serbest Şemsiye Fonu","-2,0816","-6,2844","-","-3,2346","-","-","-"
"YCS","AZİMUT PORTFÖY MYRA SERBEST (DÖVİZ) ÖZEL FON","Serbest Şemsiye Fonu","-","-","-","-","-","-","-"
"PPZ","AZİMUT PORTFÖY PARA PİYASASI FONU","Para Piyasası Şemsiye Fonu","1,3142","4,2204","7,6784","2,8447","-","-","-"
"PSS","AZİMUT PORTFÖY SARAY SERBEST FON","Serbest Şemsiye Fonu","1,2246","3,4069","5,9841","2,3846","-","-","-"
"TTN","AZİMUT PORTFÖY TESA SERBEST ÖZEL FON","Serbest Şemsiye Fonu","1,6634","-","-","0,3088","-","-","-"
"PYF","AZİMUT PORTFÖY YONCA SERBEST ÖZEL FON","Serbest Şemsiye Fonu","0,7712","1,3896","-","1,2601","-","-","-"
"PYH","AZİMUT PORTFÖY 10.0 SERBEST FON","Serbest Şemsiye Fonu","-2,9382","-","-","-12,0285","-","-","-"
"PYL","AZİMUT PORTFÖY 11.0 SERBEST FON","Serbest Şemsiye Fonu","1,1462","-","-","2,7619","-","-","-"
"HMT","AZİMUT PORTFÖY 12.0 SERBEST FON","Serbest Şemsiye Fonu","0,2952","-","-","-","-","-","-"
"PSL","AZİMUT PORTFÖY 8.0 SERBEST FON","Serbest Şemsiye Fonu","3,8172","-1,7610","-","1,6274","-","-","-"
"DDA","DENİZ PORTFÖY ALTINCI SERBEST FON","Serbest Şemsiye Fonu","-2,7273","-1,5841","-","-8,4764","-","-","-"
"DFR","DENİZ PORTFÖY ARSLAN SERBEST ÖZEL FON","Serbest Şemsiye Fonu","-","-","-","-","-","-","-"
"DSS","DENİZ PORTFÖY BADE SERBEST ÖZEL FON","Serbest Şemsiye Fonu","-","-","-","-","-","-","-"
"DZM","DENİZ PORTFÖY BEŞİNCİ SERBEST (DÖVİZ) FON","Serbest Şemsiye Fonu","4,8570","0,2181","8,5544","2,9589","-","-","-"
"DFG","DENİZ PORTFÖY EGE SERBEST ÖZEL FON","Serbest Şemsiye Fonu","-","-","-","-","-","-","-"
"DFS","DENİZ PORTFÖY FRS SERBEST ÖZEL FON","Serbest Şemsiye Fonu","-","-","-","-","-","-","-"
"DRS","DENİZ PORTFÖY GÜL SERBEST ÖZEL FON","Serbest Şemsiye Fonu","-","-","-","-","-","-","-"
"DFK","DENİZ PORTFÖY HLC SERBEST ÖZEL FON","Serbest Şemsiye Fonu","-","-","-","-","-","-","-"
"DKF","DENİZ PORTFÖY INND SERBEST (DÖVİZ) ÖZEL FON","Serbest Şemsiye Fonu","-","-","-","-","-","-","-"
"DOF","DENİZ PORTFÖY KUZEY SERBEST ÖZEL FON","Serbest Şemsiye Fonu","-","-","-","-","-","-","-"
"DFZ","DENİZ PORTFÖY LARA SERBEST ÖZEL FON","Serbest Şemsiye Fonu","0,0000","0,1370","-","3,0138","-","-","-"
"DFV","DENİZ PORTFÖY MERT SERBEST ÖZEL FON","Serbest Şemsiye Fonu","-","-","-","-","-","-","-"
"DFL","DENİZ PORTFÖY OLMİ SERBEST ÖZEL FON","Serbest Şemsiye Fonu","-","-","-","-","-","-","-"
"DRR","DENİZ PORTFÖY REYHAN SERBEST ÖZEL FON","Serbest Şemsiye Fonu","-","-","-","-","-","-","-"
"DSC","DENİZ PORTFÖY RÜ SERBEST (DÖVİZ) ÖZEL FON","Serbest Şemsiye Fonu","-","-","-","-","-","-","-"
"DDP","DENİZ PORTFÖY SK SERBEST (DÖVİZ) ÖZEL FON","Serbest Şemsiye Fonu","0,7487","-1,9209","10,9666","1,2008","-","-","-"
"DTT","DENİZ PORTFÖY SSM SERBEST (DÖVİZ) ÖZEL FON","Serbest Şemsiye Fonu","-","-","-","-","-","-","-"
"DOB","DENİZ PORTFÖY TÜRKİZ SERBEST ÖZEL FON","Serbest Şemsiye Fonu","-","-","-","-","-","-","-"
"FBZ","FİBA PORTFÖY ROTA SERBEST FON","Serbest Şemsiye Fonu","1,2047","-","-","2,7310","-","-","-"
"FBN","FİBA PORTFÖY SAFİR SERBEST FON","Serbest Şemsiye Fonu","1,0781","-","-","2,4798","-","-","-"
"FZP","FİBA PORTFÖY SERBEST FON","Serbest Şemsiye Fonu","1,3322","4,5046","-","2,8860","-","-","-"
"FFD","FİBA PORTFÖY ÜÇÜNCÜ PARA PİYASASI FONU","Para Piyasası Şemsiye Fonu","1,1981","-","-","2,5884","-","-","-"
"GPP","GARANTI PORTFÖY 2023 SERBEST(DÖVİZ- ABD DOLARI) FON","Serbest Şemsiye Fonu","-","-","-","-","-","-","-"
"GFF","GARANTI PORTFÖY 2023 SERBEST(DÖVİZ-AVRO) FON","Serbest Şemsiye Fonu","-","-","-","-","-","-","-"
"GGP","GARANTİ PORTFÖY ALTINCI SERBEST (DÖVİZ) ÖZEL FON","Serbest Şemsiye Fonu","4,6593","-","-","-","-","-","-"
"GGN","GARANTİ PORTFÖY AYDOĞAN SERBEST(DÖVİZ) ÖZEL FON","Serbest Şemsiye Fonu","-","-","-","-","-","-","-"
"GZP","GARANTİ PORTFÖY BİRİNCİ FON SEPETİ FONU","Fon Sepeti Şemsiye Fonu","-","-","-","-","-","-","-"
"GZV","GARANTİ PORTFÖY ESG SÜRDÜRÜLEBİLİRLİK FON SEPETİ FONU","Fon Sepeti Şemsiye Fonu","-","-","-","-","-","-","-"
"GGM","GARANTİ PORTFÖY GMS SERBEST ÖZEL FON","Serbest Şemsiye Fonu","1,6811","5,8890","13,9013","4,0111","-","-","-"
"GSS","GARANTİ PORTFÖY INN SERBEST (DÖVİZ) ÖZEL FON","Serbest Şemsiye Fonu","-","-","-","-","-","-","-"
"GZJ","GARANTİ PORTFÖY İKİNCİ FON SEPETİ FONU","Fon Sepeti Şemsiye Fonu","-","-","-","-","-","-","-"
"GJH","GARANTİ PORTFÖY KISA VADELİ  SERBEST FON","Serbest Şemsiye Fonu","-","-","-","-","-","-","-"
"GTZ","GARANTİ PORTFÖY KIYMETLİ MADENLER FON SEPETİ FONU","Fon Sepeti Şemsiye Fonu","1,5497","-2,8480","-","-4,4316","-","-","-"
"GKK","GARANTİ PORTFÖY KTT SERBEST (DÖVİZ) ÖZEL FON","Serbest Şemsiye Fonu","-","-","-","-","-","-","-"
"GFL","GARANTİ PORTFÖY MİA SERBEST ÖZEL FON","Serbest Şemsiye Fonu","-","-","-","-","-","-","-"
"GFY","GARANTİ PORTFÖY OL SERBEST (DÖVİZ) ÖZEL FON","Serbest Şemsiye Fonu","-","-","-","-","-","-","-"
"GGZ","GARANTİ PORTFÖY ONBİRİNCİ SERBEST FON","Serbest Şemsiye Fonu","0,7073","4,1582","-","2,3525","-","-","-"
"GGR","GARANTİ PORTFÖY ONİKİNCİ SERBEST(DÖVİZ) FON","Serbest Şemsiye Fonu","-","-","-","-","-","-","-"
"GZD","GARANTİ PORTFÖY ONÜCÜNCÜ SERBEST (DÖVİZ) ÖZEL FON","Serbest Şemsiye Fonu","-","-","-","-","-","-","-"
"GZB","GARANTİ PORTFÖY ÖPY İKİNCİ SERBEST ÖZEL FON","Serbest Şemsiye Fonu","-","-","-","-","-","-","-"
"OPP","GARANTİ PORTFÖY ÖPY SERBEST (DÖVİZ) ÖZEL FON","Serbest Şemsiye Fonu","0,7700","4,6951","15,3281","3,8548","-","-","-"
"GZR","GARANTİ PORTFÖY SÜRDÜRÜLEBİLİRLİK HİSSE SENEDİ FONU (HİSSE SENEDİ YOĞUN FON)","Hisse Senedi Şemsiye Fonu","1,4060","-","-","-","-","-","-"
"GZH","GARANTİ PORTFÖY TEMİZ ENERJİ KARMA FON","Karma Şemsiye Fonu","-12,1674","-","-","-","-","-","-"
"GTY","GARANTİ PORTFÖY TREND SERBEST FON","Serbest Şemsiye Fonu","-4,0889","-","-","-","-","-","-"
"GKL","GARANTİ PORTFÖY YF HİSSE SENEDİ SERBEST ÖZEL FON (HİSSE SENEDİ YOĞUN FON)","Serbest Şemsiye Fonu","-0,0940","11,1468","35,3170","-0,0598","-","-","-"
"GGV","GARANTİ PORTFÖY 2021 SERBEST (DÖVİZ-ABD DOLARI) FON","Serbest Şemsiye Fonu","-","-","-","-","-","-","-"
"HAG","GARANTİ PORTFÖY 2022 SERBEST (DÖVİZ-ABD DOLARI) FON","Serbest Şemsiye Fonu","-","-","-","-","-","-","-"
"HFF","GARANTİ PORTFÖY 2024 SERBEST (DÖVİZ-ABD DOLARI) FON","Serbest Şemsiye Fonu","-","-","-","-","-","-","-"
"HNN","GARANTİ PORTFÖY 2025 SERBEST(DÖVİZ ABD DOLARI) FON","Serbest Şemsiye Fonu","-","-","-","-","-","-","-"
"GGK","GEDİK PORTFÖY  ALTIN FON","Kıymetli Madenler Şemsiye Fonu","-1,4421","-11,5504","-13,1098","-9,5967","-","-","-"
"GEI","GEDİK PORTFÖY EVEREST SERBEST FON","Serbest Şemsiye Fonu","2,3204","89,5172","136,1156","56,9725","-","-","-"
"GMZ","GEDİK PORTFÖY MZ SERBEST ÖZEL FON","Serbest Şemsiye Fonu","1,0545","14,7833","38,7313","6,9904","-","-","-"
"GZN","GLOBAL MD PORTFÖY BOĞAZİÇİ SERBEST FON","Serbest Şemsiye Fonu","-","-","-","-","-","-","-"
"GZM","GLOBAL MD PORTFÖY DİNAMİK SERBEST FON","Serbest Şemsiye Fonu","-","-","-","-","-","-","-"
"HYK","HEDEF PORTFÖY AKDENİZ SERBEST FON","Serbest Şemsiye Fonu","-1,9675","6,4306","-","6,2571","-","-","-"
"NNF","HEDEF PORTFÖY BİRİNCİ HİSSE SENEDİ FONU (HİSSE SENEDİ YOĞUN FON)","Hisse Senedi Şemsiye Fonu","5,2557","32,3777","78,2267","17,8241","-","-","-"
"HMK","HEDEF PORTFÖY EGE HİSSE SENEDİ SERBEST FON(HİSSE SENEDİ YOĞUN FON)","Serbest Şemsiye Fonu","6,2071","53,1773","217,9297","26,7999","-","-","-"
"HMR","HEDEF PORTFÖY KISA VADELİ BORÇLANMA ARAÇLARI FONU","Borçlanma Araçları Şemsiye Fonu","-","-","-","-","-","-","-"
"HYV","HEDEF PORTFÖY PARA PIYASASI FONU","Para Piyasası Şemsiye Fonu","1,1888","-","-","-","-","-","-"
"HII","HSBC PYŞ BİRİNCİ SERBEST (DÖVİZ) ÖZEL FON","Serbest Şemsiye Fonu","4,0928","-94,9048","-94,7854","-68,7011","-","-","-"
"HMG","HSBC PYŞ MUTLAK GETİRİ HEDEFLİ HİSSE SENEDİ SERBEST FON(HİSSE SENEDİ YOĞUN FON)","Serbest Şemsiye Fonu","2,7891","-","-","-","-","-","-"
"IB2","IBG FONUNA BAĞLı YAN HESAP (TRFDGOZ71915)","Serbest Şemsiye Fonu","-","-","-","-","-","-","-"
"IB3","IBG FONUNA BAĞLı YAN HESAP (TRSAEST91812)","Serbest Şemsiye Fonu","-","-","-","-","-","-","-"
"IB1","IBG FONUNA BAĞLI YAN HESAP (TRSPKPB41717)","Serbest Şemsiye Fonu","-","-","-","-","-","-","-"
"IR1","IBR FONUNA BAĞLI YAN HESAP (TRFDGOZ71915)","Serbest Şemsiye Fonu","-","-","-","-","-","-","-"
"ICV","ICBC TURKEY PORTFÖY BİRİNCİ SERBEST FON","Serbest Şemsiye Fonu","-","-","-","-","-","-","-"
"IZS","İSTANBUL PORTFÖY ALTINCI SERBEST FON","Serbest Şemsiye Fonu","4,7809","13,0919","14,9626","13,9100","-","-","-"
"IDP","İSTANBUL PORTFÖY DOĞAN SERBEST ÖZEL FON","Serbest Şemsiye Fonu","-","-","-","-","-","-","-"
"IMF","İSTANBUL PORTFÖY MAESTRO SERBEST FON","Serbest Şemsiye Fonu","1,3094","3,1759","9,7947","1,8213","-","-","-"
"IFY","İSTANBUL PORTFÖY ÖPY BİRİNCİ SERBEST ÖZEL FON","Serbest Şemsiye Fonu","1,2633","4,0383","6,3714","2,6640","-","-","-"
"IIH","İSTANBUL PORTFÖY ÜÇÜNCÜ HİSSE SENEDİ FONU (HİSSE SENEDİ YOĞUN FON)","Hisse Senedi Şemsiye Fonu","4,0273","29,1514","62,9321","12,5977","-","-","-"
"IZV","İSTANBUL PORTFÖY YEDİNCİ SERBEST FON","Serbest Şemsiye Fonu","-","-","-","-","-","-","-"
"IYP","İSTANBUL PORTFÖY YILDIZ SERBEST ÖZEL FON","Serbest Şemsiye Fonu","-","-","-","-","-","-","-"
"CTP","İŞ PORTFÖY AAF SERBEST (DÖVİZ) ÖZEL FON","Serbest Şemsiye Fonu","-","-","0,0000","-","-","-","-"
"IMM","İŞ PORTFÖY ASİST SERBEST ÖZEL FON","Serbest Şemsiye Fonu","1,0658","3,9269","8,5649","2,5497","-","-","-"
"CTF","İŞ PORTFÖY ASSG SERBEST ÖZEL FON","Serbest Şemsiye Fonu","4,4959","-2,2255","-","1,9122","-","-","-"
"IDH","İŞ PORTFÖY BIST 100 DIŞI ŞİRKETLER HİSSE SENEDİ FONU (HİSSE SENEDİ YOĞUN FON)","Hisse Senedi Şemsiye Fonu","0,7945","-","-","18,9341","-","-","-"
"ILZ","İŞ PORTFÖY BİRİNCİ FON SEPETİ FONU","Fon Sepeti Şemsiye Fonu","-","-","-","-","-","-","-"
"KPK","İŞ PORTFÖY DURUSU SERBEST ÖZEL FON","Serbest Şemsiye Fonu","4,5667","1,1104","-","3,3908","-","-","-"
"EMS","İŞ PORTFÖY EMSA SERBEST ÖZEL FON","Serbest Şemsiye Fonu","-","-","0,0000","-","-","-","-"
"NBF","İŞ PORTFÖY ESEN SERBEST ÖZEL FON","Serbest Şemsiye Fonu","-","-","0,0000","-","-","-","-"
"CTG","İŞ PORTFÖY FEFON SERBEST  ÖZEL FON","Serbest Şemsiye Fonu","1,8518","-2,9904","-","3,4158","-","-","-"
"IOG","İŞ PORTFÖY GÜMÜŞ SERBEST FON","Serbest Şemsiye Fonu","0,0060","-0,0506","-","-3,2416","-","-","-"
"IHK","İŞ PORTFÖY İŞ'TE KADIN HİSSE SENEDİ FONU (HİSSE SENEDİ YOĞUN FON)","Hisse Senedi Şemsiye Fonu","-","-","-","-","-","-","-"
"CTM","İŞ PORTFÖY KEFON SERBEST ÖZEL FON","Serbest Şemsiye Fonu","4,0310","-2,4575","-","3,6661","-","-","-"
"CTV","İŞ PORTFÖY MHA SERBEST ÖZEL FON","Serbest Şemsiye Fonu","4,6521","11,6983","-","2,0858","-","-","-"
"FBV","İŞ PORTFÖY MODEL SERBEST FON","Serbest Şemsiye Fonu","-0,8037","-","-","-1,1317","-","-","-"
"KKH","İŞ PORTFÖY MUTLAK GETİRİ HEDEFLİ DEĞİŞKEN FON","Değişken Şemsiye Fonu","1,2592","3,7670","-","2,6660","-","-","-"
"IOP","İŞ PORTFÖY ODEABANK PARA PİYASASI FONU","Para Piyasası Şemsiye Fonu","1,2416","3,7385","6,5297","2,6444","-","-","-"
"IKL","İŞ PORTFÖY SAĞLIK ŞİRKETLERİ KARMA FON","Karma Şemsiye Fonu","-","-","-","-","-","-","-"
"ITP","İŞ PORTFÖY TEKNOLOJİ KARMA FON","Karma Şemsiye Fonu","-0,8127","-","-","-","-","-","-"
"IUU","İŞ PORTFÖY ÜÇÜNCÜ SERBEST (DÖVİZ) FON","Serbest Şemsiye Fonu","2,5820","-1,0519","8,1020","2,0499","-","-","-"
"IKP","İŞ PORTFÖY YENİLENEBİLİR ENERJİ KARMA FON","Karma Şemsiye Fonu","-","-","-","-","-","-","-"
"KPB","KARE PORTFÖY ÖPY BİRİNCİ SERBEST ÖZEL FON","Serbest Şemsiye Fonu","3,7482","1,9673","-","4,5581","-","-","-"
"K1R","KRS FONUNA BAĞLı YAN HESAP (TRSAEST91911)","Serbest Şemsiye Fonu","-","-","-","-","-","-","-"
"KPC","KT PORTFÖY KATILIM HİSSE SENEDİ FONU (HİSSE SENEDİ YOĞUN FON)","Hisse Senedi Şemsiye Fonu","0,7102","17,6741","54,4968","9,2854","-","-","-"
"ZAY","KT PORTFÖY SEPET HESAP KISA VADELİ KİRA SERTİFİKALARI KATILIM FONU","Katılım Şemsiye Fonu","1,2140","3,3025","5,8637","2,5196","-","-","-"
"MMA","MAQASİD PYŞ ALTIN KATILIM FONU","Kıymetli Madenler Şemsiye Fonu","-","-","-","-","-","-","-"
"ONN","MÜKAFAT PORTFÖY AKTİF ONİKS SERBEST FON","Serbest Şemsiye Fonu","1,3815","4,3746","8,1551","2,9789","-","-","-"
"MKH","MÜKAFAT PORTFÖY AKTİF SERBEST (DÖVİZ) FON","Serbest Şemsiye Fonu","-","-","-","-","-","-","-"
"MKG","MÜKAFAT PORTFÖY ALTIN KATILIM FONU","Katılım Şemsiye Fonu","-1,3535","-11,5794","-12,6853","-8,9331","-","-","-"
"MMH","MÜKAFAT PORTFÖY BIST 30 ENDEKSİ HİSSE SENEDİ FONU (HİSSE SENEDİ YOĞUN FON)","Hisse Senedi Şemsiye Fonu","-0,2382","9,8819","31,3631","-0,2292","-","-","-"
"ESG","MÜKAFAT PORTFÖY ESG SÜRDÜRÜLEBİLİRLİK SERBEST FON","Serbest Şemsiye Fonu","1,3722","4,1174","-","2,9925","-","-","-"
"IDL","MÜKAFAT PORTFÖY PARA PİYASASI FONU","Para Piyasası Şemsiye Fonu","1,2506","-","-","2,6968","-","-","-"
"NZH","NEO PORTFÖY BİRİNCİ BORÇLANMA ARAÇLARI FONU","Borçlanma Araçları Şemsiye Fonu","-","-","-","-","-","-","-"
"NSK","NEO PORTFÖY BİRİNCİ SERBEST FON","Serbest Şemsiye Fonu","-","-","-","-","-","-","-"
"NZT","NEO PORTFÖY PY ORTA VADELİ BORÇLANMA ARAÇLARI  ÖZEL FONU","Borçlanma Araçları Şemsiye Fonu","-","-","-","-","-","-","-"
"OFY","OSG FONUNA BAĞLI YAN HESAP (TRSBMKS12230)","Serbest Şemsiye Fonu","-","-","-","-","-","-","-"
"OPL","OSMANLI PORTFÖY İKİNCİ DEĞİŞKEN FON","Değişken Şemsiye Fonu","2,4474","-","-","-","-","-","-"
"OAY","OSY FONUNA BAĞLI YAN HESAP (TRSBMKS12230)","Serbest Şemsiye Fonu","-","-","-","-","-","-","-"
"OGD","OYAK PORTFÖY ALTIN KATILIM FONU","Katılım Şemsiye Fonu","-1,2622","-11,2616","-13,3174","-8,7682","-","-","-"
"OFB","OYAK PORTFÖY BEŞİNCİ SERBEST FON","Serbest Şemsiye Fonu","-","-","-","-","-","-","-"
"OFS","OYAK PORTFÖY BİRİNCİ FON SEPETİ FONU","Fon Sepeti Şemsiye Fonu","0,9688","-","-","-","-","-","-"
"ODD","OYAK PORTFÖY DÖRDÜNCÜ SERBEST FON","Serbest Şemsiye Fonu","-0,3532","43,3747","65,7627","8,0333","-","-","-"
"OYS","OYAK PORTFÖY ÜÇÜNCÜ SERBEST FON","Serbest Şemsiye Fonu","5,5351","37,6403","81,2722","7,6776","-","-","-"
"PPD","PERFORM PORTFÖY HİSSE SENEDİ SERBEST FON (HİSSE SENEDİ YOĞUN FON)","Serbest Şemsiye Fonu","-","-","-","-","-","-","-"
"PDF","QİNVEST PORTFÖY BİRİNCİ SERBEST (DÖVİZ) FON","Serbest Şemsiye Fonu","3,4081","-4,1446","3,8374","-0,2171","-","-","-"
"IZF","QİNVEST PORTFÖY İKİNCİ KATILIM SERBEST FON","Serbest Şemsiye Fonu","-","-","-","-","-","-","-"
"PDD","QİNVEST PORTFÖY KATILIM FONU","Katılım Şemsiye Fonu","1,2207","-","-","-","-","-","-"
"FFH","QNB FİNANS PORTFÖY ÇOKLU VARLIK KATILIM FONU","Katılım Şemsiye Fonu","0,9968","-","-","-","-","-","-"
"OLB","QNB FİNANS PORTFÖY DÖRDÜNCÜ SERBEST (DÖVİZ) FON","Serbest Şemsiye Fonu","-","-","-","-","-","-","-"
"FFP","QNB FİNANS PORTFÖY FON SEPETİ FONU","Fon Sepeti Şemsiye Fonu","0,1584","-","-","-","-","-","-"
"FSK","QNB FİNANS PORTFÖY KISA VADELİ SERBEST FON","Serbest Şemsiye Fonu","1,1531","3,6050","6,7088","2,5021","-","-","-"
"OOP","QNB FİNANS PORTFÖY OPAL SERBEST (DÖVİZ) ÖZEL FON","Serbest Şemsiye Fonu","-","-","-","-","-","-","-"
"NPP","QNB FİNANS PORTFÖY ÜÇÜNCÜ SERBEST (DÖVİZ) FON","Serbest Şemsiye Fonu","3,1500","-3,6586","4,5543","-0,1951","-","-","-"
"TZP","TACİRLER PORTFÖY İSTATİSTİKSEL ARBİTRAJ SERBEST ÖZEL FON","Serbest Şemsiye Fonu","-","-","-","-","-","-","-"
"TTL","TACİRLER PORTFÖY KARTOPU SERBEST FON","Serbest Şemsiye Fonu","2,9069","16,0332","65,5498","4,3009","-","-","-"
"TTV","TACİRLER PORTFÖY VEGA SERBEST FON","Serbest Şemsiye Fonu","1,2448","5,4362","9,9746","3,6687","-","-","-"
"TRR","TEB PORTFÖY BEŞİNCİ SERBEST FON","Serbest Şemsiye Fonu","1,2801","4,0267","7,4094","2,7838","-","-","-"
"YZH","TEB PORTFÖY BIST BANKA ENDEKSİ HİSSE SENEDİ FONU (HİSSE SENEDİ YOĞUN)","Hisse Senedi Şemsiye Fonu","-5,0789","-","-","-","-","-","-"
"TE4","TEB PORTFÖY BİRİNCİ DEĞİŞKEN FON","Değişken Şemsiye Fonu","0,5847","-","-","-","-","-","-"
"TTS","TEB PORTFÖY DÖRDÜNCÜ SERBEST (DÖVİZ) FON","Serbest Şemsiye Fonu","1,4313","-1,9712","5,6427","1,0208","-","-","-"
"TMR","TEB PORTFÖY MAKRO SERBEST FON","Serbest Şemsiye Fonu","-","-","-","-","-","-","-"
"TLY","TERA PORTFÖY BİRİNCİ SERBEST FON","Serbest Şemsiye Fonu","-","-","-","-","-","-","-"
"UAP","ÜNLÜ PORTFÖY ALTINCI SERBEST (DÖVİZ) ÖZEL FON","Serbest Şemsiye Fonu","-","-","0,0000","-","-","-","-"
"GGL","ÜNLÜ PORTFÖY YEDİNCİ SERBEST ÖZEL FON","Serbest Şemsiye Fonu","2,3257","-1,1689","-","2,1992","-","-","-"
"YCK","YAPI KREDİ PORTFÖY CİHANGİR SERBEST FON","Serbest Şemsiye Fonu","-","-","-","-","-","-","-"
"YZG","YAPI KREDİ PORTFÖY GÜMÜŞ FON SEPETİ FONU","Fon Sepeti Şemsiye Fonu","2,1589","-","-","-","-","-","-"
"YZK","YAPI KREDİ PORTFÖY KALAMIŞ SERBEST FON","Serbest Şemsiye Fonu","0,6688","-","-","-","-","-","-"
"YOP","YAPI KREDİ PORTFÖY ODEABANK İKİNCİ SERBEST ÖZEL FON","Serbest Şemsiye Fonu","1,1838","3,9337","10,1774","2,2069","-","-","-"
"YZF","YAPI KREDİ PORTFÖY PY ERENKÖY  SERBEST (DÖVIZ) ÖZEL FON","Serbest Şemsiye Fonu","0,6330","4,5863","16,1823","2,7410","-","-","-"
"YPV","YAPI KREDİ PORTFÖY ÜÇÜNCÜ FON SEPETİ FONU","Fon Sepeti Şemsiye Fonu","0,2908","2,8400","13,3569","0,3363","-","-","-"
"ZDD","ZİRAAT PORTFÖY BİRİNCİ DEĞİŞKEN FON","Değişken Şemsiye Fonu","1,3555","3,7827","8,7915","2,5721","-","-","-"
"HPC","ZİRAAT PORTFÖY HEDEF SERBEST ÖZEL FON","Serbest Şemsiye Fonu","1,0496","6,0713","16,5228","2,8276","-","-","-"
"VFK","ZİRAAT PORTFÖY İKİNCİ KISA VADELİ KİRA SERTİFİKALARI KATILIM FONU","Katılım Şemsiye Fonu","1,2088","3,6255","6,2588","2,5517","-","-","-"
"ZSF","ZİRAAT PORTFÖY S&P/OIC COMCEC (İSEDAK) 50 SHARİAH ENDEKSİ YABANCI HİSSE SENEDİ FONU","Hisse Senedi Şemsiye Fonu","-","-","-","-","-","-","-"
"ZDZ","ZİRAAT PORTFÖY ÜÇÜNCÜ DEĞİŞKEN FON","Değişken Şemsiye Fonu","0,6977","3,6426","11,5880","0,4921","-","-","-"
"PRF","AZİMUT PORTFÖY IRF SERBEST (DÖVİZ) ÖZEL FON","Serbest Şemsiye Fonu","-25,4773","-29,9152","-17,3339","-25,8086","-2,0028","-","-"
"GKF","GLOBAL MD PORTFÖY KATILIM FONU","Katılım Şemsiye Fonu","-3,3390","-2,2773","-3,1710","-2,9700","-2,7182","-","-"
"AVC","ATA PORTFÖY İKİNCİ SERBEST FONU","Serbest Şemsiye Fonu","0,7938","57,5580","164,3786","-1,7906","-4,2743","15,2261","13,7629"
"IBE","İSTANBUL PORTFÖY BEŞİNCİ SERBEST FON","Serbest Şemsiye Fonu","3,4240","1,4336","-9,7431","1,5751","-5,8495","-","-"
"ADP","AK PORTFÖY BİST BANKA ENDEKSİ HİSSE SENEDİ FONU (HİSSE SENEDİ YOĞUN FON)","Hisse Senedi Şemsiye Fonu","-5,3341","-1,2648","28,4716","-9,3375","-6,6623","-18,6675","14,4108"
"TAU","İŞ PORTFÖY BİST BANKA ENDEKSİ HİSSE SENEDİ FONU (HİSSE SENEDİ YOĞUN FON)","Hisse Senedi Şemsiye Fonu","-5,1349","-1,2167","27,3832","-9,1455","-7,5782","-18,4916","12,6435"
"ATJ","AZİMUT PORTFÖY ÇINAR SERBEST ÖZEL FON","Serbest Şemsiye Fonu","1,2099","-0,0320","-","-1,1651","-10,8798","-","-"
"ELZ","QİNVEST PORTFÖY KATILIM HİSSE SENEDİ FONU (HİSSE SENEDİ YOĞUN FON)","Hisse Senedi Şemsiye Fonu","3,1483","-","-","8,7947","-29,7783","10,8830","-"
"KTE","KT PORTFÖY CEYLAN KİRA SERTİFİKALARI KATILIM SERBEST(DÖVİZ) ÖZEL FON","Serbest Şemsiye Fonu","-20,5937","-50,3197","-56,1783","-43,1119","-29,8250","-","-"
"KOP","QİNVEST PORTFÖY İKİNCİ SERBEST FON","Serbest Şemsiye Fonu","4,6227","1,9009","-49,7323","4,1328","-46,4902","-9,7341","-"
"PLS","DENİZ PORTFÖY LARA SERBEST (DÖVİZ) ÖZEL FON","Serbest Şemsiye Fonu","2,5467","-3,8506","-65,5598","8,1877","-60,9322","-","-"
"DAZ","DENİZ PORTFÖY TÜRKIZ SERBEST(DÖVİZ) ÖZEL FON","Serbest Şemsiye Fonu","4,6359","-8,8620","-2,5832","-3,9218","-84,8589","-","-"
"AZZ","AK PORTFÖY ÖPY MUTLAK GETİRİ HEDEFLİ SERBEST (DÖVİZ) ÖZEL FON","Serbest Şemsiye Fonu","-","-","-","-","0,0000","-","-"
"DPU","DENİZ PORFÖY TUAL SERBEST (DÖVİZ) ÖZEL FON","Serbest Şemsiye Fonu","-","0,0000","0,0000","0,0000","0,0000","-","-"
"GGB","GARANTİ PORTFÖY ARK SERBEST (DÖVİZ) ÖZEL FON","Serbest Şemsiye Fonu","-","-","0,0000","-","0,0000","-","-"
"GDL","GARANTİ PORTFÖY ONUNCU SERBEST ÖZEL FON","Serbest Şemsiye Fonu","-","-","0,0000","-","0,0000","-","-"
"CEY","İŞ PORTFÖY CEY SERBEST (DÖVİZ) ÖZEL FON","Serbest Şemsiye Fonu","-","-","0,0000","-","0,0000","-","-"
"IMV","İŞ PORTFÖY MAVİ SERBEST (DÖVİZ) ÖZEL FON","Serbest Şemsiye Fonu","-","-","0,0000","-","0,0000","-","-"
"MSH","MAQASİD PORTFÖY İKİNCİ  KATILIM SERBEST FON","Serbest Şemsiye Fonu","-","0,0000","0,0000","-","0,0000","-","-"
"MSB","MAQASİD PYŞ BİRİNCİ KATILIM SERBEST(DÖVİZ)FON","Serbest Şemsiye Fonu","-","-","0,0000","-","0,0000","-","-"
"MVK","MAQASİD PYŞ KISA VADELİ KATILIM SERBEST FON","Serbest Şemsiye Fonu","-","0,0000","0,0000","-","0,0000","-","-"
"KSD","QİNVEST PORTFÖY BİRİNCİ KATILIM SERBEST FON","Serbest Şemsiye Fonu","-","0,0000","0,0000","-","0,0000","-","-"
"FUR","QNB FİNANS PORTFÖY ŞEDELE SERBEST (DÖVİZ) ÖZEL FON","Serbest Şemsiye Fonu","-","-","-","-","0,0000","-","-"
"TMO","TEB PORTFÖY TEB GRUBU DEĞİŞKEN ÖZEL FON","Değişken Şemsiye Fonu","-","0,0000","0,0000","0,0000","0,0000","0,0000","0,0000"