"Tarih","Fon Kodu","Fon Adı","Fiyat","Tedavüldeki Pay Sayısı","Kişi Sayısı","Fon Toplam Değer"
"10.03.2021","AAK","ATA PORTFÖY ÇOKLU VARLIK DEĞİŞKEN FON","4,453035","20.301.702,00","0","90.404.199,19"
"10.03.2021","AAL","ATA PORTFÖY PARA PİYASASI FONU","0,651483","407.028.025,00","0","265.171.692,73"
"10.03.2021","AAS","ATA PORTFÖY FON SEPETİ SERBEST FONU","3,342224","22.452.182,00","0","75.040.217,76"
"10.03.2021","AAV","ATA PORTFÖY İKİNCİ HİSSE SENEDİ FONU (HİSSE SENEDİ YOĞUN FON)","4,778377","43.844.399,00","0","209.505.083,92"
"10.03.2021","ABU","AK PORTFÖY BİREBİR BANKACILIK DEĞİŞKEN ÖZEL FON","0,021587","253.585.948,00","0","5.474.231,43"
"10.03.2021","ACC","İSTANBUL PORTFÖY DÖRDÜNCÜ HİSSE SENEDİ FONU (HİSSE SENEDİ YOĞUN)","2,756043","5.606.025,00","334","15.450.446,90"
"10.03.2021","ACD","İSTANBUL PORTFÖY İKİNCİ DEĞİŞKEN FON","0,437327","55.773.131,00","340","24.391.108,10"
"10.03.2021","ACK","İSTANBUL PORTFÖY HİSSE SENEDİ FONU(HİSSE SENEDİ YOĞUN FON)","0,061618","413.870.775,57","82","25.502.082,05"
"10.03.2021","ACN","İSTANBUL PORTFÖY LİDYA SERBEST (DÖVİZ) FON","1,796286","52.738.571,00","15","94.733.539,32"
"10.03.2021","ACU","İSTANBUL PORTFÖY URARTU SERBEST (DÖVİZ) FON","9,105340","9.845.433,00","70","89.646.013,31"
"10.03.2021","ACZ","İSTANBUL PORTFÖY HİTİT SERBEST FON","2,007195","24.631.770,00","6","49.440.764,64"
"10.03.2021","ADE","AK PORTFÖY DEĞİŞKEN FON","0,191304","1.266.955.218,00","0","242.373.541,96"
"10.03.2021","ADP","AK PORTFÖY BİST BANKA ENDEKSİ HİSSE SENEDİ FONU (HİSSE SENEDİ YOĞUN FON)","0,096649","406.679.225,00","0","39.305.022,90"
"10.03.2021","AED","ATA PORTFÖY BİRİNCİ DEĞİŞKEN FON","10,669024","6.910.162,00","0","73.724.682,77"
"10.03.2021","AES","AK PORTFÖY PETROL YABANCI BYF FON SEPETİ FONU","0,013476","22.489.516.736,00","2.828","303.077.280,03"
"10.03.2021","AFA","AK PORTFÖY  AMERİKA YABANCI HİSSE SENEDİ FONU","0,113141","1.328.222.139,00","1.656","150.276.145,41"
"10.03.2021","AFO","AK PORTFÖY ALTIN FONU","0,092534","6.985.355.300,00","12.849","646.379.801,45"
"10.03.2021","AFS","AK PORTFÖY SAĞLIK SEKTÖRÜ YABANCI HİSSE SENEDİ FONU","0,045558","3.992.596.539,00","1.552","181.893.225,12"
"10.03.2021","AFT","AK PORTFÖY YENİ TEKNOLOJİLER YABANCI HİSSE SENEDİ FONU","0,086582","18.304.678.938,00","10.761","1.584.851.204,15"
"10.03.2021","AFV","AK PORTFÖY  AVRUPA YABANCI HİSSE SENEDİ FONU","0,059087","1.528.827.590,00","714","90.333.155,58"
"10.03.2021","AGC","AK PORTFÖY AGI DEĞİŞKEN FON","1,364660","62.680.265,00","554","85.537.242,43"
"10.03.2021","AHI","ATLAS PORTFÖY BİRİNCİ HİSSE SENEDİ FONU(HİSSE SENEDİ YOĞUN)","2,239609","9.293.336,00","87","20.813.434,47"
"10.03.2021","AHN","ATLAS PORTFÖY SERBEST(DÖVİZ)FON","9,016819","2.891.373,00","22","26.070.987,62"
"10.03.2021","AHU","ATLAS PORTFÖY BİRİNCİ ÖZEL SEKTÖR BORÇLANMA ARAÇLARI FONU","1,823105","47.464.855,00","533","86.533.404,38"
"10.03.2021","AHV","AZİMUT PYŞ DENGELİ SERBEST FON","2,182649","110.027.443,00","0","240.151.342,10"
"10.03.2021","AHZ","AZİMUT PYŞ ATAK SERBEST FON","2,399333","12.159.475,00","0","29.174.634,49"
"10.03.2021","AIG","AZİMUT PORTFÖY İA SERBEST ÖZEL FON","2,977288","8.598.970,00","6","25.601.607,56"
"10.03.2021","AIH","AK PORTFÖY RTH SERBEST ÖZEL FON","1,705199","58.716.646,00","0","100.123.559,38"
"10.03.2021","AII","AZİMUT PORTFÖY ÇINAR SERBEST (DÖVİZ) ÖZEL FON","10,367988","5.438.400,00","0","56.385.266,26"
"10.03.2021","AIM","AK PORTFÖY MİMKA SERBEST ÖZEL FON","1,865125","43.367.680,00","4","80.886.135,81"
"10.03.2021","AIR","AZİMUT PORTFÖY ESİN SERBEST (DÖVİZ) ÖZEL FON","17,906186","10.823.072,00","0","193.799.938,41"
"10.03.2021","AIS","AK PORTFÖY KİRA SERTİFİKALARI KATILIM FONU","0,021196","908.715.964,00","976","19.261.268,92"
"10.03.2021","AJE","AK PORTFÖY ÜÇÜNCÜ SERBEST ( DÖVİZ ) FON","8,492656","65.641.452,00","165","557.470.249,06"
"10.03.2021","AJK","AK PORTFÖY İKINCI SERBEST (DÖVIZ) FON","9,106601","107.141.749,00","284","975.697.130,15"
"10.03.2021","AJL","AK PORTFÖY BEŞİNCİ SERBEST (DÖVIZ) FON","7,630238","115.173.217,00","522","878.799.080,48"
"10.03.2021","AJN","AK PORTFÖY DÖRDÜNCÜ SERBEST (DÖVIZ) FON","8,307910","49.687.477,00","355","412.799.104,78"
"10.03.2021","AKE","AK PORTFÖY EUROBOND (AMERİKAN DOLARI) BORÇLANMA ARAÇLARI FONU","0,066883","7.830.846.565,00","5.601","523.751.980,44"
"10.03.2021","AKU","AK PORTFÖY BİST 30 ENDEKSİ HİSSE SENEDİ FONU (HİSSE SENEDİ YOĞUN FON)","0,089084","507.914.599,00","0","45.247.089,47"
"10.03.2021","AK2","AK PORTFÖY UZUN VADELİ BORÇLANMA ARAÇLARI FONU","0,234763","182.160.862,00","10.499","42.764.644,86"
"10.03.2021","AK3","AK PORTFÖY HİSSE SENEDİ FONU (HİSSE SENEDİ YOĞUN FON)","3,170193","79.856.835,00","0","253.161.572,13"
"10.03.2021","ALC","AK PORTFÖY BİST TEMETTÜ 25 ENDEKSİ HİSSE SENEDİ FONU (HİSSE SENEDİ YOĞUN FON)","0,031647","1.298.761.395,00","0","41.101.266,98"
"10.03.2021","ALE","AK PORTFÖY PARA PIYASASI FONU","2,443937","1.181.967.076,00","32.290","2.888.652.712,05"
"10.03.2021","ANL","AK PORTFÖY ALTERNATİF BANK PARA PİYASASI FONU","6,552171","11.118.781,00","3","72.852.158,16"
"10.03.2021","ANZ","ATA PORTFÖY DÖRDÜNCÜ SERBEST (DÖVİZ) FON","2,659684","11.178.633,00","0","29.731.629,78"
"10.03.2021","AN1","STRATEJİ PORTFÖY BİRİNCİ DEĞİŞKEN FON","9,396726","219.698,54","0","2.064.446,90"
"10.03.2021","AOY","AK PORTFÖY ALTERNATİF ENERJİ YABANCI HİSSE SENEDİ FONU","0,099220","1.270.542.179,00","6.166","126.063.244,42"
"10.03.2021","APJ","AK PORTFÖY DÖRDÜNCÜ FON SEPETİ FONU","1,603086","46.290.323,00","244","74.207.362,76"
"10.03.2021","APP","AK PORTFÖY P1 SERBEST ÖZEL FON","3,329994","26.880.245,00","3","89.511.057,44"
"10.03.2021","APT","AK PORTFÖY ORTA VADELI BORÇLANMA ARAÇLARI FONU","0,051332","949.955.001,00","12.135","48.763.145,66"
"10.03.2021","ARE","İSTANBUL PORTFÖY YABANCI (GELİŞMEKTE OLAN PİYASALAR) BORÇLANMA ARAÇLARI FONU","0,044704","323.367.495,00","1.245","14.455.840,63"
"10.03.2021","ARF","AK PORTFÖY ÖPY İKİNCİ SERBEST ÖZEL FON","2,225867","25.867.831,00","0","57.578.353,12"
"10.03.2021","ARL","AK PORTFÖY BİRİNCİ FON SEPETİ FONU","2,336528","1.100.755.711,00","4.924","2.571.946.929,55"
"10.03.2021","ARM","AK PORTFÖY İKİNCİ FON SEPETİ FONU","2,486573","368.204.184,00","2.484","915.566.766,49"
"10.03.2021","ARP","AK PORTFÖY ÖPY BİRİNCİ SERBEST ÖZEL FON","2,414030","134.799.021,00","1","325.408.916,08"
"10.03.2021","ATJ","AZİMUT PORTFÖY ÇINAR SERBEST ÖZEL FON","1,113078","136.985.258,00","0","152.475.314,26"
"10.03.2021","AUT","ATA PORTFÖY KISA VADELİ BORÇLANMA ARAÇLARI FONU","2,461550","667.178,00","0","1.642.292,18"
"10.03.2021","AVC","ATA PORTFÖY İKİNCİ SERBEST FONU","1,866412","7.145.414,00","0","13.336.283,61"
"10.03.2021","AVT","AK PORTFÖY KISA VADELİ BORÇLANMA ARAÇLARI FONU","44,412135","12.523.082,00","17.480","556.176.810,81"
"10.03.2021","AVZ","AK PORTFÖY SERBEST ( DÖVİZ ) FONU","9,216694","18.534.831,00","0","170.829.872,59"
"10.03.2021","AYA","ATA PORTFÖY BİRİNCİ HİSSE SENEDİ FONU (HİSSE SENEDİ YOĞUN FON)","2,642620","27.753.061,00","0","73.340.781,07"
"10.03.2021","AYR","AK PORTFÖY ÖZEL SEKTÖR BORÇLANMA ARAÇLARI FONU","0,025544","21.204.610.622,00","10.884","541.660.319,86"
"10.03.2021","AZF","AK PORTFÖY PY ÖZEL SEKTÖR BORÇLANMA ARAÇLARI ÖZEL FONU","0,029046","7.389.123.804,00","15","214.627.894,43"
"10.03.2021","AZJ","AZİMUT PYŞ STRATEJİ-1 SERBEST FON","2,014138","287.105.618,00","0","578.270.226,93"
"10.03.2021","AZV","AZİMUT PYŞ BKS SERBEST ÖZEL FON","2,756612","268.430.993,00","2","739.960.004,85"
"10.03.2021","AZZ","AK PORTFÖY ÖPY MUTLAK GETİRİ HEDEFLİ SERBEST (DÖVİZ) ÖZEL FON","0,000000","0,00","0","1,00"
"10.03.2021","BGP","AK PORTFÖY ÜÇÜNCÜ PARA PİYASASI FONU","1,100959","15.087.520,00","0","16.610.737,16"
"10.03.2021","CEY","İŞ PORTFÖY CEY SERBEST (DÖVİZ) ÖZEL FON","0,000000","0,00","1","0,00"
"10.03.2021","CTF","İŞ PORTFÖY ASSG SERBEST ÖZEL FON","1,036764","12.300.368,00","1","12.752.580,28"
"10.03.2021","CTG","İŞ PORTFÖY FEFON SERBEST  ÖZEL FON","0,987679","107.823.962,00","2","106.495.489,77"
"10.03.2021","CTM","İŞ PORTFÖY KEFON SERBEST ÖZEL FON","0,977825","105.983.679,00","2","103.633.494,19"
"10.03.2021","CTP","İŞ PORTFÖY AAF SERBEST (DÖVİZ) ÖZEL FON","0,000000","0,00","1","0,00"
"10.03.2021","CTV","İŞ PORTFÖY MHA SERBEST ÖZEL FON","1,144937","36.243.204,00","2","41.496.185,32"
"10.03.2021","DAH","DENİZ PORTFÖY HİSSE SENEDİ FONU (HİSSE SENEDİ YOĞUN FON)","0,302000","97.160.300,00","303","29.342.412,15"
"10.03.2021","DAI","DENİZ PORTFÖY ARTI SERBEST (DÖVİZ) ÖZEL FON","10,230608","4.236.294,00","5","43.339.865,02"
"10.03.2021","DAT","DENİZ PORTFÖY ARMUT SERBEST (DÖVİZ) ÖZEL FON","10,305572","3.198.835,00","5","32.965.823,24"
"10.03.2021","DAZ","DENİZ PORTFÖY TÜRKIZ SERBEST(DÖVİZ) ÖZEL FON","0,910327","8.704.694,00","3","7.924.120,67"
"10.03.2021","DBA","DENİZ PORTFÖY ALTIN FONU","0,050251","2.390.886.300,00","8.528","120.143.715,36"
"10.03.2021","DBB","DENİZ PORTFÖY ORTA VADELİ BORÇLANMA ARAÇLARI FONU","0,026656","89.018.400,00","191","2.372.900,13"
"10.03.2021","DBG","DENİZ PORTFÖY BEYAZ SERBEST ÖZEL FONU","0,055657","2.338.240.000,00","5","130.139.292,49"
"10.03.2021","DBH","DENİZ PORTFÖY EUROBOND (DÖVİZ) BORÇLANMA ARAÇLARI FONU","0,039682","1.589.706.800,00","1","63.083.252,62"
"10.03.2021","DBK","DENİZ PORTFÖY KISA VADELİ BORÇLANMA ARAÇLARI FONU","0,023049","7.738.883.698,00","99.424","178.375.625,59"
"10.03.2021","DBP","DENİZ PORTFÖY BİRİNCİ DEĞİŞKEN FON","0,045065","519.162.600,00","372","23.395.893,90"
"10.03.2021","DBZ","DENİZ PORTFÖY ÖZEL SEKTÖR BORÇLANMA ARAÇLARI FONU","0,025935","2.303.855.000,00","540","59.751.554,78"
"10.03.2021","DCP","DENİZ PORTFÖY CÖMERT SERBEST (DÖVİZ) ÖZEL FON","7,981279","5.064.657,00","1","40.422.442,76"
"10.03.2021","DDA","DENİZ PORTFÖY ALTINCI SERBEST FON","1,152269","25.583.922,00","1","29.479.553,40"
"10.03.2021","DDC","DENİZ PORTFÖY DÖRDÜNCÜ SERBEST FON","1,186043","5.835.984,00","19","6.921.725,62"
"10.03.2021","DDE","DENİZ PORTFÖY BADE SERBEST (DÖVİZ) ÖZEL FON","9,238609","5.668.660,00","1","52.370.533,90"
"10.03.2021","DDF","DENİZ PORTFÖY DİNAMO SERBEST FON","1,438239","12.222.419,00","33","17.578.762,95"
"10.03.2021","DDP","DENİZ PORTFÖY SK SERBEST (DÖVİZ) ÖZEL FON","9,119933","1.210.806,00","1","11.042.469,45"
"10.03.2021","DDS","DENİZ PORTFÖY DAMLA SERBEST ÖZEL FON","3,113376","6.084.075,00","1","18.942.013,01"
"10.03.2021","DFG","DENİZ PORTFÖY EGE SERBEST ÖZEL FON","0,000000","0,00","0","0,00"
"10.03.2021","DFK","DENİZ PORTFÖY HLC SERBEST ÖZEL FON","0,000000","0,00","0","0,00"
"10.03.2021","DFL","DENİZ PORTFÖY OLMİ SERBEST ÖZEL FON","0,000000","0,00","0","0,00"
"10.03.2021","DFR","DENİZ PORTFÖY ARSLAN SERBEST ÖZEL FON","0,000000","0,00","0","0,00"
"10.03.2021","DFS","DENİZ PORTFÖY FRS SERBEST ÖZEL FON","0,000000","0,00","0","0,00"
"10.03.2021","DFV","DENİZ PORTFÖY MERT SERBEST ÖZEL FON","0,000000","0,00","0","0,00"
"10.03.2021","DFZ","DENİZ PORTFÖY LARA SERBEST ÖZEL FON","1,022484","81.949.209,00","0","83.791.736,96"
"10.03.2021","DGH","ATA PORTFÖY ÜÇÜNCÜ SERBEST FONU","1,783821","43.787.048,00","0","78.108.269,46"
"10.03.2021","DKF","DENİZ PORTFÖY INND SERBEST (DÖVİZ) ÖZEL FON","0,000000","0,00","0","0,00"
"10.03.2021","DLY","DENİZ PORTFÖY PARA PİYASASI FONU","1,083036","2.452.366.262,00","232.641","2.656.001.605,11"
"10.03.2021","DNO","DENİZ PORTFÖY NECLA SERBEST (DÖVİZ) ÖZEL FON","10,613983","1.012.104,00","3","10.742.454,72"
"10.03.2021","DOB","DENİZ PORTFÖY TÜRKİZ SERBEST ÖZEL FON","0,000000","0,00","0","0,00"
"10.03.2021","DOF","DENİZ PORTFÖY KUZEY SERBEST ÖZEL FON","0,000000","0,00","0","0,00"
"10.03.2021","DOS","DENİZ PORTFÖY OLMİ SERBEST (DÖVİZ) ÖZEL FON","6,737206","31.678.350,00","1","213.423.556,29"
"10.03.2021","DPA","DENİZ PORTFÖY ARSLAN SERBEST (DÖVİZ) ÖZEL FON","9,172629","18.551.371,00","1","170.164.838,98"
"10.03.2021","DPB","DENİZ PORTFÖY SERBEST (DÖVİZ) FON","2,360339","273.233.873,00","383","644.924.531,27"
"10.03.2021","DPC","DENİZ PORTFÖY FRS SERBEST (DÖVİZ) ÖZEL FON","10,906708","5.636.004,00","1","61.470.247,73"
"10.03.2021","DPE","DENİZ PORTFÖY EGE SERBEST (DÖVİZ) ÖZEL FON","2,500090","65.456.679,00","1","163.647.560,40"
"10.03.2021","DPG","DENİZ PORTFÖY ESMER SERBEST (DÖVİZ) ÖZEL FON","10,324100","5.365.067,00","2","55.389.486,06"
"10.03.2021","DPI","DENİZ PORTFÖY İSTATİSTİKSEL ARBİTRAJ SERBEST FON","1,179337","182.962.846,00","163","215.774.774,13"
"10.03.2021","DPK","DENİZ PORTFÖY KİRA SERTİFİKALARI KATILIM FONU","1,695981","4.199.077,00","200","7.121.555,50"
"10.03.2021","DPL","DENİZ PORTFÖY NİL SERBEST (DÖVİZ) ÖZEL FON","11,720388","9.898.646,00","1","116.015.970,87"
"10.03.2021","DPN","DENİZ PORTFÖY NEVA SERBEST (DÖVİZ) ÖZEL FON","9,638259","5.222.630,00","1","50.337.062,20"
"10.03.2021","DPP","DENİZ PORTFÖY HLC SERBEST (DÖVİZ) ÖZEL FON","11,396905","28.501.161,00","2","324.825.019,87"
"10.03.2021","DPT","DENİZ PORTFÖY BİST TEMETTÜ 25 ENDEKSİ HİSSE SENEDİ FONU ( HİSSE SENEDİ YOĞUN FON )","1,782625","2.928.821,00","490","5.220.989,66"
"10.03.2021","DPU","DENİZ PORFÖY TUAL SERBEST (DÖVİZ) ÖZEL FON","0,000000","0,00","1","0,00"
"10.03.2021","DPV","DENİZ PORTFÖY ENDA SERBEST ÖZEL FON","2,128498","12.721.767,00","1","27.078.253,43"
"10.03.2021","DPZ","DENİZ PORTFÖY YAZ SERBEST (DÖVİZ) ÖZEL FON","8,971732","1.261.386,00","1","11.316.817,04"
"10.03.2021","DRR","DENİZ PORTFÖY REYHAN SERBEST ÖZEL FON","0,000000","0,00","0","0,00"
"10.03.2021","DRS","DENİZ PORTFÖY GÜL SERBEST ÖZEL FON","0,000000","0,00","0","0,00"
"10.03.2021","DSC","DENİZ PORTFÖY RÜ SERBEST (DÖVİZ) ÖZEL FON","7,731043","11.557.000,00","0","89.347.666,15"
"10.03.2021","DSD","DENİZ PORTFÖY İKİNCİ SERBEST (DÖVİZ) FON","9,903430","7.169.502,00","88","71.002.661,12"
"10.03.2021","DSM","DENİZ PORTFÖY MERT SERBEST (DÖVİZ) ÖZEL FON","9,280534","5.517.582,00","2","51.206.108,00"
"10.03.2021","DSP","DENİZ PORTFÖY BİRİNCİ FON SEPETİ FONU","1,825909","22.056.917,00","290","40.273.929,73"
"10.03.2021","DSS","DENİZ PORTFÖY BADE SERBEST ÖZEL FON","0,000000","0,00","0","0,00"
"10.03.2021","DTT","DENİZ PORTFÖY SSM SERBEST (DÖVİZ) ÖZEL FON","0,000000","0,00","0","0,00"
"10.03.2021","DZE","DENİZ PORTFÖY BIST 100 ENDEKSİ HİSSE SENEDİ FONU(HİSSE SENEDİ YOĞUN FON)","0,096063","118.129.900,00","617","11.347.865,74"
"10.03.2021","DZM","DENİZ PORTFÖY BEŞİNCİ SERBEST (DÖVİZ) FON","8,476042","9.458.438,00","61","80.170.120,48"
"10.03.2021","DZT","DENİZ PORTFÖY UZUN VADELİ BORÇLANMA ARAÇLARI FONU","0,830319","8.314.100,00","350","6.903.353,10"
"10.03.2021","DZZ","DENİZ PORTFÖY ECEM SERBEST (DÖVİZ) ÖZEL FON","1,805974","20.000,00","1","36.119,48"
"10.03.2021","EBD","GLOBAL MD PORTFÖY İKİNCİ DEĞİŞKEN FON","0,027826","125.126.752,00","0","3.481.722,14"
"10.03.2021","ECA","GLOBAL MD PORTFÖY BİRİNCİ DEĞİŞKEN FON","0,158083","17.807.811,00","0","2.815.106,47"
"10.03.2021","ECB","GLOBAL MD PORTFÖY PARA PİYASASI FONU","10,095698","11.674.482,00","0","117.862.045,87"
"10.03.2021","ECT","GLOBAL MD PORTFÖY ORTA VADELİ BORÇLANMA ARAÇLARI FONU","0,046475","46.868.304,00","0","2.178.211,69"
"10.03.2021","ECV","GLOBAL MD PORTFÖY KISA VADELİ BORÇLANMA ARAÇLARI FONU","0,097993","424.520.216,00","0","41.599.879,86"
"10.03.2021","EC2","GLOBAL MD PORTFÖY BİRİNCİ HİSSE SENEDİ FONU(HİSSE SENEDİ YOĞUN FON)","6,591689","387.540,31","0","2.554.545,37"
"10.03.2021","EIB","QİNVEST PORTFÖY DEĞİŞKEN FON","0,077214","1.349.638.691,00","23","104.211.561,40"
"10.03.2021","EIC","QİNVEST PORTFÖY İKİNCİ DEĞİŞKEN FONU","0,023567","2.963.417.248,00","16","69.839.119,89"
"10.03.2021","EID","QİNVEST PORTFÖY HİSSE SENEDİ FONU (HİSSE YOĞUN FON)","0,127550","96.565.126,00","3","12.316.868,86"
"10.03.2021","EIL","QİNVEST PORTFÖY PARA PİYASASI FONU","0,921109","14.480.730,00","194","13.338.328,48"
"10.03.2021","EKF","QİNVEST PORTFÖY KİRA SERTİFİKASI KATILIM FONU","0,019748","3.325.408.657,07","18","65.670.827,98"
"10.03.2021","ELZ","QİNVEST PORTFÖY KATILIM HİSSE SENEDİ FONU (HİSSE SENEDİ YOĞUN FON)","1,202299","15.623.678,00","6","18.784.328,97"
"10.03.2021","EMS","İŞ PORTFÖY EMSA SERBEST ÖZEL FON","0,000000","0,00","1","0,00"
"10.03.2021","ESG","MÜKAFAT PORTFÖY ESG SÜRDÜRÜLEBİLİRLİK SERBEST FON","1,088386","112.158.617,00","172","122.071.854,55"
"10.03.2021","FBN","FİBA PORTFÖY SAFİR SERBEST FON","1,029281","4.000.000,00","2","4.117.123,02"
"10.03.2021","FBV","İŞ PORTFÖY MODEL SERBEST FON","0,992577","13.416.475,00","37","13.316.890,98"
"10.03.2021","FBZ","FİBA PORTFÖY ROTA SERBEST FON","1,032185","5.000.000,00","1","5.160.922,99"
"10.03.2021","FCV","FİBA PORTFÖY ÇOKLU VARLIK BİRİNCİ DEĞİŞKEN FON","1,788970","27.646.953,00","364","49.459.556,53"
"10.03.2021","FDO","QNB FİNANS PORTFÖY SULTAN SERBEST(DÖVİZ) ÖZEL FON","7,054696","2.658.500,00","1","18.754.909,15"
"10.03.2021","FFD","FİBA PORTFÖY ÜÇÜNCÜ PARA PİYASASI FONU","0,010326","646.986.000,00","31","6.680.717,87"
"10.03.2021","FFH","QNB FİNANS PORTFÖY ÇOKLU VARLIK KATILIM FONU","1,019661","13.408.292,00","126","13.671.913,58"
"10.03.2021","FFO","QNB FİNANS PORTFÖY SER SERBEST (DÖVİZ) ÖZEL FON","7,543846","3.086.678,00","2","23.285.424,91"
"10.03.2021","FFP","QNB FİNANS PORTFÖY FON SEPETİ FONU","1,014355","113.463.237,00","1.076","115.092.050,31"
"10.03.2021","FFS","FİBA PORTFÖY SERBEST (DÖVİZ) FON","8,639403","8.868.176,00","74","76.615.744,47"
"10.03.2021","FIB","FİBA PORTFÖY ALTIN FONU","0,034345","3.411.820.331,14","2.318","117.179.351,63"
"10.03.2021","FID","FİBA PORTFÖY ÇOKLU VARLIK İKİNCİ DEĞİŞKEN FON","0,128972","669.718.902,00","738","86.375.260,01"
"10.03.2021","FIL","FİBA PORTFÖY PARA PİYASASI FONU","0,063652","28.924.938.857,00","8.824","1.841.134.413,10"
"10.03.2021","FIT","FİBA PORTFÖY BORÇLANMA ARAÇLARI FONU","0,075744","170.243.119,00","153","12.894.821,78"
"10.03.2021","FI3","QNB FINANS PORTFÖY BORÇLANMA ARAÇLARI FONU","177,642554","167.803,16","10.166","29.808.982,03"
"10.03.2021","FI5","QNB FINANS PORTFÖY PARA PIYASASI FONU","132,318375","12.204.992,31","14.917","1.614.944.750,44"
"10.03.2021","FNO","QNB FINANS PORTFÖY BIRINCI DEĞIŞKEN FON","0,026273","37.344.593.639,04","3.332","981.156.665,04"
"10.03.2021","FPE","FİBA PORTFÖY EUROBOND BORÇLANMA ARAÇLARI (DÖVİZ)FONU","8,816061","6.646.045,00","938","58.591.940,92"
"10.03.2021","FPH","FİBA PORTFÖY HİSSE SENEDİ FONU(HİSSE SENEDİ YOĞUN FON)","3,192729","12.639.782,00","442","40.355.395,55"
"10.03.2021","FPK","FİBA PORTFÖY KISA VADELİ BORÇLANMA ARAÇLARI FONU","0,019467","3.032.482.338,00","566","59.034.472,41"
"10.03.2021","FPZ","QNB FİNANS PORTFÖY BİRİNCİ SERBEST (DÖVİZ) FON","9,028550","26.261.711,00","419","237.105.165,38"
"10.03.2021","FRA","AZIMUT PORTFÖY MAB SERBEST ÖZEL FON","3,205402","16.108.246,00","0","51.633.405,23"
"10.03.2021","FRZ","AZİMUT PORTFÖY FRZ SERBEST ÖZEL FON","1,641614","13.750.799,00","0","22.573.501,12"
"10.03.2021","FSF","FİBA PORTFÖY KISA VADELİ SERBEST FON","1,143715","40.072.003,00","66","45.830.954,78"
"10.03.2021","FSK","QNB FİNANS PORTFÖY KISA VADELİ SERBEST FON","1,089824","49.472.274,00","136","53.916.068,84"
"10.03.2021","FUB","QNB FINANS PORTFÖY EUROBOND BORÇLANMA ARAÇLARI FONU","0,091243","1.302.243.722,00","1.045","118.820.319,36"
"10.03.2021","FUP","QNB FİNANS PORTFÖY BAYSAN SERBEST (DÖVİZ) ÖZEL FON","9,517532","10.298.118,00","1","98.012.665,47"
"10.03.2021","FUR","QNB FİNANS PORTFÖY ŞEDELE SERBEST (DÖVİZ) ÖZEL FON","0,000000","0,00","0","0,00"
"10.03.2021","FVS","QNB FİNANS PORTFÖY VİZYON SERBEST (DÖVİZ) ÖZEL FON","8,532698","6.811.632,00","2","58.121.601,96"
"10.03.2021","FYA","İSTANBUL PORTFÖY ARK II SERBEST FON","0,002714","66.467.545.400,00","115","180.398.517,18"
"10.03.2021","FYB","AZİMUT PYŞ EB SERBEST ( DÖVİZ ) ÖZEL FON","9,588412","3.799.125,00","0","36.427.576,61"
"10.03.2021","FYD","QNB FINANS PORTFÖY BIRINCI HISSE SENEDI FONU (HISSE SENEDI YOĞUN FON)","0,810263","59.175.115,08","0","47.947.390,70"
"10.03.2021","FYF","STRATEJİ PORTFÖY MUTLAK GETİRİ HEDEFLİ HİSSE SENEDİ SERBEST FON(HİSSE SENEDİ YOĞUN)","0,021292","425.123.667,00","0","9.051.790,24"
"10.03.2021","FYG","AZİMUT PORTFÖY ÖPY SERBEST ( DÖVİZ ) ÖZEL FON","1,965935","72.114.621,00","0","141.772.673,00"
"10.03.2021","FYH","AZİMUT PYŞ SERBEST ( DÖVİZ ) FON","9,607889","9.405.459,00","0","90.366.608,19"
"10.03.2021","FYI","AZİMUT PORTFÖY 4.0 SERBEST FON","1,698409","131.466.750,00","0","223.284.251,37"
"10.03.2021","FYM","AZİMUT PORTFÖY ÜÇÜNCÜ SERBEST (DÖVİZ) FON","0,051134","1.096.691.908,00","0","56.078.180,21"
"10.03.2021","FYO","QNB FINANS PORTFÖY ÖZEL SEKTÖR BORÇLANMA ARAÇLARI FONU","0,221157","496.650.309,51","864","109.837.639,61"
"10.03.2021","FYT","QNB FINANS PORTFÖY KISA VADELI BORÇLANMA ARAÇLARI FONU","0,077840","4.109.964.170,37","98.115","319.920.850,13"
"10.03.2021","FZP","FİBA PORTFÖY SERBEST FON","1,069306","144.380.038,00","196","154.386.453,78"
"10.03.2021","GAE","GARANTİ PORTFÖY BİST30 ENDEKSİ HİSSE SENEDİ FONU (HİSSE SENEDİ YOĞUN FON)","0,043822","752.872.308,00","2.815","32.992.271,12"
"10.03.2021","GAF","GEDİK PORTFÖY BİRİNCİ HİSSE SENEDİ FONU (HİSSE SENEDİ YOĞUN FON)","0,115207","90.627.500,00","231","10.440.904,74"
"10.03.2021","GAG","GEDİK PORTFÖY BİRİNCİ SERBEST (DÖVIZ)  FON","2,384446","7.057.162,00","18","16.827.421,20"
"10.03.2021","GAH","GARANTİ PORTFÖY MUTLAK GETİRİ HEDEFLİ DEĞİŞKEN FON","1,661436","116.362.187,00","563","193.328.310,91"
"10.03.2021","GAK","GEDİK PORTFÖY KARMA FON","1,192350","13.864.690,00","243","16.531.566,83"
"10.03.2021","GAL","GARANTİ PORTFÖY İKİNCİ PARA PİYASASI FONU","74,102670","18.174.916,00","17.521","1.346.809.803,67"
"10.03.2021","GAN","GEDİK PORTFÖY ALFON SERBEST FON","1,294951","2.202.746,00","4","2.852.447,90"
"10.03.2021","GAS","GARANTİ PORTFÖY ÜÇÜNCÜ SERBEST(DÖVİZ) FON","0,040114","7.565.630.429,00","499","303.490.106,30"
"10.03.2021","GA1","GARANTİ PORTFÖY  BORÇLANMA ARAÇLARI FONU","410,001032","350.269,00","999","143.610.651,61"
"10.03.2021","GBC","AZİMUT PYŞ YABANCI BYF FON SEPETİ FONU","0,041608","22.969.191.123,47","77","955.710.221,82"
"10.03.2021","GBG","GEDİK PORTFÖY G-20 ÜLKELERİ YABANCI HİSSE SENEDİ FONU","0,057937","149.111.000,00","414","8.638.985,20"
"10.03.2021","GBL","AZİMUT PYŞ KISA VADELİ BORÇLANMA ARAÇLARI FONU","0,147603","934.765.808,35","1.290","137.973.872,84"
"10.03.2021","GBN","GARANTİ PORTFÖY BEŞİNCİ SERBEST FON","1,163545","166.591.155,00","272","193.836.306,40"
"10.03.2021","GDL","GARANTİ PORTFÖY ONUNCU SERBEST ÖZEL FON","0,000000","0,00","0","0,02"
"10.03.2021","GDS","GARANTİ PORTFÖY DÖRDÜNCÜ SERBEST (DÖVİZ) FON","7,722554","26.820.752,00","141","207.124.701,61"
"10.03.2021","GEI","GEDİK PORTFÖY EVEREST SERBEST FON","3,035041","28.355.830,00","6","86.061.115,81"
"10.03.2021","GFF","GARANTI PORTFÖY 2023 SERBEST(DÖVİZ-AVRO) FON","0,000000","0,00","0","0,00"
"10.03.2021","GFL","GARANTİ PORTFÖY MİA SERBEST ÖZEL FON","0,000000","0,00","0","0,00"
"10.03.2021","GFY","GARANTİ PORTFÖY OL SERBEST (DÖVİZ) ÖZEL FON","0,000000","0,00","0","51.521,44"
"10.03.2021","GGB","GARANTİ PORTFÖY ARK SERBEST (DÖVİZ) ÖZEL FON","0,000000","0,00","0","0,76"
"10.03.2021","GGC","AK PORTFÖY KIYI SERBEST ÖZEL FON","1,072688","17.617.828,00","2","18.898.424,18"
"10.03.2021","GGK","GEDİK PORTFÖY  ALTIN FON","0,880434","5.071.200,00","111","4.464.858,31"
"10.03.2021","GGL","ÜNLÜ PORTFÖY YEDİNCİ SERBEST ÖZEL FON","1,077558","37.917.246,00","1","40.858.047,99"
"10.03.2021","GGM","GARANTİ PORTFÖY GMS SERBEST ÖZEL FON","1,225740","335.631.481,00","1","411.396.806,41"
"10.03.2021","GGN","GARANTİ PORTFÖY AYDOĞAN SERBEST(DÖVİZ) ÖZEL FON","0,000000","0,00","0","0,00"
"10.03.2021","GGP","GARANTİ PORTFÖY ALTINCI SERBEST (DÖVİZ) ÖZEL FON","7,603934","1.499.752,00","1","11.404.015,59"
"10.03.2021","GGR","GARANTİ PORTFÖY ONİKİNCİ SERBEST(DÖVİZ) FON","0,000000","0,00","0","0,00"
"10.03.2021","GGV","GARANTİ PORTFÖY 2021 SERBEST (DÖVİZ-ABD DOLARI) FON","0,000000","0,00","0","0,00"
"10.03.2021","GGZ","GARANTİ PORTFÖY ONBİRİNCİ SERBEST FON","1,085639","163.953.607,00","15","177.994.427,24"
"10.03.2021","GHS","GARANTİ PORTFÖY HİSSE SENEDİ FONU (HİSSE SENEDİ YOĞUN FON)","2,568167","27.610.181,00","2.417","70.907.543,78"
"10.03.2021","GJH","GARANTİ PORTFÖY KISA VADELİ  SERBEST FON","0,000000","0,00","0","0,00"
"10.03.2021","GKF","GLOBAL MD PORTFÖY KATILIM FONU","0,986499","58.867,00","0","58.072,25"
"10.03.2021","GKK","GARANTİ PORTFÖY KTT SERBEST (DÖVİZ) ÖZEL FON","0,000000","0,00","0","0,00"
"10.03.2021","GKL","GARANTİ PORTFÖY YF HİSSE SENEDİ SERBEST ÖZEL FON (HİSSE SENEDİ YOĞUN FON)","1,438701","56.249.207,00","4","80.925.765,74"
"10.03.2021","GKS","GEDİK PORTFÖY İKİNCİ SERBEST FON","1,284011","27.667.756,00","9","35.525.700,90"
"10.03.2021","GLS","AZİMUT PYŞ KİRA SERTİFİKALARI (SUKUK) KATILIM FONU","0,031784","385.366.426,00","139","12.248.470,20"
"10.03.2021","GL1","AZİMUT PYŞ BİRİNCİ HİSSE SENEDİ FONU (HİSSE SENEDİ YOĞUN FON)","103,105210","1.194.463,00","104","123.155.358,39"
"10.03.2021","GMA","AZİMUT PYŞ ÇOKLU VARLIK DEĞİŞKEN FON","0,202767","5.846.171.828,80","212","1.185.410.058,15"
"10.03.2021","GME","GEDİK PORTFÖY EGE SERBEST ÖZEL FON","2,610818","14.109.435,13","2","36.837.168,01"
"10.03.2021","GMP","GARANTİ PORTFÖY GM SERBEST (DÖVİZ) ÖZEL FON","7,359327","11.953.880,00","1","87.972.512,30"
"10.03.2021","GMR","GEDİK PORTFÖY İKİNCİ HİSSE SENEDİ FONU (HİSSE SENEDİ YOĞUN FON)","0,130243","1.029.514.300,00","339","134.087.521,54"
"10.03.2021","GMZ","GEDİK PORTFÖY MZ SERBEST ÖZEL FON","1,360668","20.132.097,79","1","27.393.110,90"
"10.03.2021","GPA","GARANTİ PORTFÖY EUROBOND BORÇLANMA ARAÇLARI (DÖVİZ) FONU","2,814511","49.742.636,00","2.004","140.001.212,98"
"10.03.2021","GPB","GARANTİ PORTFÖY BİRİNCİ DEĞİŞKEN FON","2,298440","799.219.768,00","21.798","1.836.958.860,53"
"10.03.2021","GPC","GARANTİ PORTFÖY İKİNCİ SERBEST ( DÖVİZ ) FON","8,863941","14.381.130,00","202","127.473.487,84"
"10.03.2021","GPF","GARANTİ PORTFÖY BİRİNCİ KATILIM FONU","1,671848","6.820.478,00","263","11.402.804,02"
"10.03.2021","GPG","GEDİK PORTFÖY BİRİNCİ DEĞİŞKEN FON","1,619650","31.054.900,00","381","50.298.080,19"
"10.03.2021","GPI","GARANTİ PORTFÖY İKİNCİ DEĞİŞKEN FON","2,334729","159.096.156,00","3.027","371.446.345,68"
"10.03.2021","GPL","GARANTİ PORTFÖY BİRİNCİ SERBEST ÖZEL FON","2,982685","15.233.220,00","4","45.435.900,64"
"10.03.2021","GPP","GARANTI PORTFÖY 2023 SERBEST(DÖVİZ- ABD DOLARI) FON","0,000000","0,00","0","150.345,48"
"10.03.2021","GPU","GARANTİ PORTFÖY ÜÇÜNCÜ DEĞİŞKEN FON","2,456276","38.380.728,00","1.431","94.273.662,70"
"10.03.2021","GSE","AZİMUT PORTFÖY 7.0 SERBEST (DÖVİZ) FON","7,937480","11.334.848,00","0","89.970.125,83"
"10.03.2021","GSG","AZİMUT PORTFÖY GÜREL SERBEST (DÖVİZ) ÖZEL FON","8,086931","1.280.444,00","0","10.354.862,16"
"10.03.2021","GSM","GEDİK PORTFÖY SİLVER CAPİTAL SERBEST ÖZEL FON","1,202908","281.982.596,00","1","339.199.201,30"
"10.03.2021","GSO","GARANTİ PORTFÖY ÖPY SERBEST ÖZEL FON","1,874083","15.676.300,00","8","29.378.679,57"
"10.03.2021","GSP","AZİMUT PYŞ KAR PAYI ÖDEYEN HİSSE SENEDİ FONU (HİSSE SENEDİ YOĞUN FON)","0,049266","11.046.501.074,00","277","544.216.919,47"
"10.03.2021","GSS","GARANTİ PORTFÖY INN SERBEST (DÖVİZ) ÖZEL FON","0,000000","0,00","0","0,00"
"10.03.2021","GTA","GARANTİ PORTFÖY ALTIN FONU","0,114654","6.736.702.265,00","14.534","772.386.835,68"
"10.03.2021","GTF","AZİMUT PYŞ BİRİNCİ BORÇLANMA ARAÇLARI FONU","3,019634","21.819.297,43","278","65.886.286,56"
"10.03.2021","GTL","GARANTİ PORTFÖY BİRİNCİ PARA PİYASASI FONU","0,024117","97.371.341.231,00","48.536","2.348.315.585,63"
"10.03.2021","GTY","GARANTİ PORTFÖY TREND SERBEST FON","0,988786","53.894.203,00","39","53.289.846,64"
"10.03.2021","GTZ","GARANTİ PORTFÖY KIYMETLİ MADENLER FON SEPETİ FONU","0,985640","191.245.213,00","2.969","188.498.923,32"
"10.03.2021","GUH","GARANTİ PORTFÖY YABANCI BYF FON SEPETİ FONU","0,038422","5.801.534.985,00","4.770","222.906.637,83"
"10.03.2021","GUM","AK PORTFÖY GÜMÜŞ FON SEPETI FONU","1,022550","39.672.756,00","938","40.567.372,93"
"10.03.2021","GYK","GEDİK PORTFÖY BORÇLANMA ARAÇLARI FONU","0,020201","931.040.014,00","110","18.808.347,76"
"10.03.2021","GYL","GEDİK PORTFÖY KISA VADELİ BORÇLANMA ARAÇLARI FONU","2,993895","24.905.762,00","12.228","74.565.232,29"
"10.03.2021","GZB","GARANTİ PORTFÖY ÖPY İKİNCİ SERBEST ÖZEL FON","0,000000","0,00","0","0,00"
"10.03.2021","GZD","GARANTİ PORTFÖY ONÜCÜNCÜ SERBEST (DÖVİZ) ÖZEL FON","7,643548","7.179.998,00","2","54.880.658,00"
"10.03.2021","GZH","GARANTİ PORTFÖY TEMİZ ENERJİ KARMA FON","0,879013","93.679.343,00","1.621","82.345.393,17"
"10.03.2021","GZJ","GARANTİ PORTFÖY İKİNCİ FON SEPETİ FONU","0,000000","0,00","0","0,00"
"10.03.2021","GZM","GLOBAL MD PORTFÖY DİNAMİK SERBEST FON","1,036029","500.000,00","0","518.014,51"
"10.03.2021","GZN","GLOBAL MD PORTFÖY BOĞAZİÇİ SERBEST FON","1,035314","9.998.947,00","0","10.352.045,25"
"10.03.2021","GZP","GARANTİ PORTFÖY BİRİNCİ FON SEPETİ FONU","0,000000","0,00","0","0,00"
"10.03.2021","GZR","GARANTİ PORTFÖY SÜRDÜRÜLEBİLİRLİK HİSSE SENEDİ FONU (HİSSE SENEDİ YOĞUN FON)","0,988474","5.131.083,00","198","5.071.944,47"
"10.03.2021","GZV","GARANTİ PORTFÖY ESG SÜRDÜRÜLEBİLİRLİK FON SEPETİ FONU","1,034778","493.970,00","70","511.149,13"
"10.03.2021","HAG","GARANTİ PORTFÖY 2022 SERBEST (DÖVİZ-ABD DOLARI) FON","0,000000","0,00","0","0,00"
"10.03.2021","HBF","HSBC PORTFÖY ALTIN FONU","3,494728","43.503.557,00","3.883","152.033.118,12"
"10.03.2021","HBU","HSBC PORTFÖY BİST 30 ENDEKSİ HİSSE SENEDİ FONU (HİSSE SENEDİ YOĞUN FON)","0,127028","67.661.600,00","3.348","8.594.884,34"
"10.03.2021","HDB","HSBC PORTFÖY BİRİNCİ SERBEST (DÖVİZ) FON","8,132081","49.759.076,00","328","404.644.828,19"
"10.03.2021","HDH","HEDEF PORTFÖY DOĞU HİSSE SENEDİ SERBEST FON(HİSSE SENEDİ YOĞUN FON)","28,561461","2.137.455,00","4","61.048.838,61"
"10.03.2021","HDS","HEDEF PORTFÖY SERBEST FON","1,802315","100.496.503,00","7","181.126.359,33"
"10.03.2021","HFF","GARANTİ PORTFÖY 2024 SERBEST (DÖVİZ-ABD DOLARI) FON","0,000000","0,00","0","0,00"
"10.03.2021","HII","HSBC PYŞ BİRİNCİ SERBEST (DÖVİZ) ÖZEL FON","0,377751","347.447.819,00","1","131.248.604,26"
"10.03.2021","HKV","ZİRAAT PORTFÖY HALKBANK KISA VADELİ BORÇLANMA ARAÇLARI FONU","115,196026","3.407.458,00","1","392.525.620,19"
"10.03.2021","HLL","ZİRAAT PORTFÖY HALKBANK PARA PİYASASI FONU","0,067145","37.406.403.711,00","1","2.511.653.164,24"
"10.03.2021","HMG","HSBC PYŞ MUTLAK GETİRİ HEDEFLİ HİSSE SENEDİ SERBEST FON(HİSSE SENEDİ YOĞUN FON)","0,010542","37.201.011.683,00","648","392.184.446,74"
"10.03.2021","HMK","HEDEF PORTFÖY EGE HİSSE SENEDİ SERBEST FON(HİSSE SENEDİ YOĞUN FON)","10,687120","12.712.540,00","58","135.860.446,60"
"10.03.2021","HMR","HEDEF PORTFÖY KISA VADELİ BORÇLANMA ARAÇLARI FONU","0,000000","0,00","0","0,00"
"10.03.2021","HMT","AZİMUT PORTFÖY 12.0 SERBEST FON","1,015972","15.743.797,00","0","15.995.262,26"
"10.03.2021","HNN","GARANTİ PORTFÖY 2025 SERBEST(DÖVİZ ABD DOLARI) FON","0,000000","0,00","0","0,00"
"10.03.2021","HOA","HSBC PORTFÖY ÇOKLU VARLIK ÜÇÜNCÜ DEĞİŞKEN FON","0,022969","925.515.803,00","324","21.258.237,88"
"10.03.2021","HOB","HSBC PORTFÖY ÖZEL SEKTÖR BORÇLANMA ARAÇLARI FONU","0,023849","755.985.120,00","270","18.029.749,43"
"10.03.2021","HOY","HSBC PORTFÖY YABANCI BYF FON SEPETI","0,043950","8.199.353.236,00","1.792","360.360.260,36"
"10.03.2021","HPC","ZİRAAT PORTFÖY HEDEF SERBEST ÖZEL FON","1,460483","431.016.977,00","1","629.492.898,14"
"10.03.2021","HPD","HSBC PORTFÖY ÇOKLU VARLIK İKİNCİ DEĞİŞKEN FON","0,031940","2.894.004.057,00","1.546","92.433.805,42"
"10.03.2021","HPF","HEDEF PORTFÖY KUZEY HİSSE SENEDİ SERBEST FON (HİS.SEN.YOĞ.FON)","10,128421","4.782.521,00","1","48.439.388,23"
"10.03.2021","HPO","HSBC PORTFÖY ÇOKLU VARLIK BİRİNCİ DEĞİŞKEN FON","0,028171","9.549.164.903,00","2.790","269.011.564,09"
"10.03.2021","HPT","HSBC PORTFÖY KISA VADELİ BORÇLANMA ARAÇLARI FONU","0,023557","13.870.178.438,00","13.465","326.733.494,05"
"10.03.2021","HPV","ZİRAAT PORTFÖY HALKBANK KISA VADELİ KİRA SERTİFİKALARI KATILIM FONU","1,555507","165.232.604,00","1","257.020.550,12"
"10.03.2021","HSA","HSBC PORTFÖY DEĞİŞKEN FON","149,628609","2.786.242,00","1.367","416.901.515,78"
"10.03.2021","HSL","HSBC PORTFÖY PARA PİYASASI FONU","78,683712","11.855.970,00","19.119","932.871.734,68"
"10.03.2021","HST","HSBC PORTFÖY ORTA VADELİ BORÇLANMA ARAÇLARI FONU","0,259848","34.140.852,00","521","8.871.417,79"
"10.03.2021","HTT","HSBC PORTFÖY UZUN VADELİ BORÇLANMA ARAÇLARI FONU","0,583862","4.205.300,00","266","2.455.314,08"
"10.03.2021","HVS","HSBC PORTFÖY HİSSE SENEDİ FONU (HİSSE SENEDİ YOĞUN FON)","0,096331","648.394.525,00","572","62.460.704,76"
"10.03.2021","HVV","AK PORTFÖY HERAKLES SERBEST (DÖVİZ) ÖZEL FON","8,066307","29.177.431,00","0","235.354.114,87"
"10.03.2021","HYK","HEDEF PORTFÖY AKDENİZ SERBEST FON","1,108020","8.963.287,00","7","9.931.499,73"
"10.03.2021","HYP","AZİMUT PORTFÖY İVME SERBEST FON","0,950054","249.528.929,00","0","237.066.019,62"
"10.03.2021","HYV","HEDEF PORTFÖY PARA PIYASASI FONU","1,015846","6.910.371,00","43","7.019.873,83"
"10.03.2021","HYY","AK PORTFÖY HERAKLES SERBEST ÖZEL FON","1,097005","303.610.830,00","1","333.062.685,16"
"10.03.2021","IAF","İSTANBUL PORTFÖY ARK I SERBEST FON","0,062281","1.038.523.289,32","51","64.680.572,22"
"10.03.2021","IAR","İSTANBUL PORTFÖY DÖRDÜNCÜ SERBEST FON","5,223378","15.703.629,00","40","82.025.996,86"
"10.03.2021","IAS","QİNVEST PORTFÖY MUTLAK GETİRİ HEDEFLİ HİSSE SENEDİ SERBEST FON(HİSSE SENEDİ YOĞUN FON)","0,107823","2.498.441.291,00","2","269.390.211,96"
"10.03.2021","IAT","İŞ PORTFÖY KİRA SERTİFİKALARI KATILIM FONU","0,040012","1.714.561.830,67","856","68.602.381,04"
"10.03.2021","IBB","İŞ PORTFÖY ÜÇÜNCÜ DEĞİŞKEN FON","1,742790","61.589.967,00","3.176","107.338.406,70"
"10.03.2021","IBC","İŞ PORTFÖY CENOVA SERBEST ÖZEL FON","1,795246","25.511.130,00","4","45.798.762,37"
"10.03.2021","IBD","İŞ PORTFÖY BAYRAKTARLAR HOLDİNG DEĞİŞKEN ÖZEL FON","0,110228","6.442.204.980,00","2","710.112.418,68"
"10.03.2021","IBE","İSTANBUL PORTFÖY BEŞİNCİ SERBEST FON","1,064850","97.362.240,00","5","103.676.157,40"
"10.03.2021","IBK","İŞ PORTFÖY MAXIMUM KART KISA VADELİ BORÇLANMA ARAÇLARI FONU","0,025131","2.841.045.782,00","125.253","71.398.366,59"
"10.03.2021","IBR","AZİMUT PYŞ MUTLAK GETİRİ HEDEFLİ SERBEST FON","0,035283","260.000,00","105","9.173,47"
"10.03.2021","IB1","IBG FONUNA BAĞLI YAN HESAP (TRSPKPB41717)","0,000000","0,00","0","0,00"
"10.03.2021","IB2","IBG FONUNA BAĞLı YAN HESAP (TRFDGOZ71915)","0,000000","0,00","0","0,00"
"10.03.2021","IB3","IBG FONUNA BAĞLı YAN HESAP (TRSAEST91812)","0,000000","0,00","0","0,00"
"10.03.2021","ICA","ICBC TURKEY PORTFÖY ALTIN FONU","0,039705","1.258.205.000,00","0","49.957.016,57"
"10.03.2021","ICC","ICBC TURKEY PORTFÖY İKİNCİ DEĞİŞKEN FON","0,136849","17.636.200,00","0","2.413.499,78"
"10.03.2021","ICD","ICBC TURKEY PORTFÖY BİRİNCİ DEĞİŞKEN FON","20,392736","140.410,00","0","2.863.344,12"
"10.03.2021","ICE","ICBC TURKEY PORTFOY PARA PİYASASI FONU","23,186832","8.643.753,00","0","200.421.248,51"
"10.03.2021","ICF","ICBC TURKEY PORTFÖY HİSSE SENEDİ FONU(HİSSE SENEDİ YOĞUN FON)","13,063903","38.460,00","0","502.437,70"
"10.03.2021","ICG","İŞ PORTFÖY ARCADİA SERBEST (DÖVİZ) ÖZEL FON","8,296360","1.588.718,00","1","13.180.575,68"
"10.03.2021","ICS","ICBC TURKEY PORTFÖY SERBEST (DÖVİZ) FON","8,292162","2.422.777,00","0","20.090.059,62"
"10.03.2021","ICV","ICBC TURKEY PORTFÖY BİRİNCİ SERBEST FON","1,003830","1.500.000,00","0","1.505.744,54"
"10.03.2021","ICZ","AK PORTFÖY TEKNOLOJİ ŞİRKETLERİ HİSSE SENEDİ FONU (HİSSE SENEDİ YOĞUN FON)","1,133212","43.081.958,00","0","48.821.006,74"
"10.03.2021","IDD","LOGOS PORTFÖY DİNAMİK DAĞIMLI SERBEST FON","0,033782","161.713.800,00","6","5.463.040,05"
"10.03.2021","IDF","İŞ PORTFÖY SERBEST (DÖVİZ) FON","8,845117","29.986.814,00","239","265.236.870,72"
"10.03.2021","IDH","İŞ PORTFÖY BIST 100 DIŞI ŞİRKETLER HİSSE SENEDİ FONU (HİSSE SENEDİ YOĞUN FON)","1,212446","182.340.507,00","6.708","221.078.017,58"
"10.03.2021","IDL","MÜKAFAT PORTFÖY PARA PİYASASI FONU","1,040682","73.026.149,00","211","75.996.995,50"
"10.03.2021","IDP","İSTANBUL PORTFÖY DOĞAN SERBEST ÖZEL FON","1,031478","2.000.000,00","1","2.062.955,42"
"10.03.2021","IDY","TEB PORTFÖY İKİNCİ DEĞİŞKEN FON","0,031138","4.101.993.094,38","125","127.727.518,04"
"10.03.2021","IFY","İSTANBUL PORTFÖY ÖPY BİRİNCİ SERBEST ÖZEL FON","1,068510","50.078.000,00","1","53.508.848,47"
"10.03.2021","IGL","TEB PORTFÖY ING BANK PARA PİYASASI FONU","106,504149","1.896.135,00","13.814","201.946.243,91"
"10.03.2021","IHK","İŞ PORTFÖY İŞ'TE KADIN HİSSE SENEDİ FONU (HİSSE SENEDİ YOĞUN FON)","1,000304","19.592.305,00","0","19.598.269,42"
"10.03.2021","IID","İŞ PORTFÖY İKİNCİ SERBEST (DÖVİZ) FON","7,583779","10.400.000,00","22","78.871.300,81"
"10.03.2021","IIH","İSTANBUL PORTFÖY ÜÇÜNCÜ HİSSE SENEDİ FONU (HİSSE SENEDİ YOĞUN FON)","1,802846","11.972.538,00","332","21.584.636,69"
"10.03.2021","IIP","İSTANBUL PORTFÖY ARİES SERBEST FON","0,044723","5.798.179.460,01","128","259.314.103,42"
"10.03.2021","IIS","İSTANBUL PORTFÖY İKİNCİ SERBEST FON","4,719422","92.271.727,94","219","435.469.239,35"
"10.03.2021","IKL","İŞ PORTFÖY SAĞLIK ŞİRKETLERİ KARMA FON","1,049584","10.191.841,00","714","10.697.192,50"
"10.03.2021","IKP","İŞ PORTFÖY YENİLENEBİLİR ENERJİ KARMA FON","0,000000","0,00","0","0,00"
"10.03.2021","ILZ","İŞ PORTFÖY BİRİNCİ FON SEPETİ FONU","1,012185","2.637.369,00","178","2.669.506,25"
"10.03.2021","IMF","İSTANBUL PORTFÖY MAESTRO SERBEST FON","1,159930","35.385.000,00","0","41.044.134,50"
"10.03.2021","IMH","İŞ PORTFÖY ANADOLU HAYAT EMEKLİLİK SERBEST ÖZEL FON","1,275033","95.803.384,00","1","122.152.514,60"
"10.03.2021","IMM","İŞ PORTFÖY ASİST SERBEST ÖZEL FON","1,165227","5.451.671,00","1","6.352.432,09"
"10.03.2021","IMO","İŞ PORTFÖY ODAK SERBEST ÖZEL FON","1,414021","132.531.810,00","3","187.402.717,92"
"10.03.2021","IMS","İŞ PORTFÖY MERMER SERBEST ÖZEL FON","1,650017","51.323.550,00","4","84.684.729,89"
"10.03.2021","IMT","İŞ PORTFÖY TOROS SERBEST (DÖVİZ) ÖZEL FON","7,594056","4.500.263,00","2","34.175.250,82"
"10.03.2021","IMV","İŞ PORTFÖY MAVİ SERBEST (DÖVİZ) ÖZEL FON","0,000000","0,00","1","0,00"
"10.03.2021","IMY","İŞ PORTFÖY SKYLARK SERBEST (DÖVİZ) ÖZEL FON","8,381820","7.297.142,00","2","61.163.329,30"
"10.03.2021","IMZ","İŞ PORTFÖY POYRAZ SERBEST (DÖVİZ) ÖZEL FON","8,065457","4.518.762,00","7","36.445.880,30"
"10.03.2021","INH","GARANTİ PORTFÖY ING BANK ÖZEL BANKACILIK VE PLATİNUM DEĞİŞKEN ÖZEL FON","1,744153","122.073.485,00","558","212.914.821,78"
"10.03.2021","IOG","İŞ PORTFÖY GÜMÜŞ SERBEST FON","1,005187","129.380.480,00","482","130.051.596,86"
"10.03.2021","IOP","İŞ PORTFÖY ODEABANK PARA PİYASASI FONU","1,101986","178.711.018,00","739","196.936.995,41"
"10.03.2021","IPA","İŞ PORTFÖY SÜTAŞ İKİNCİ SERBEST ÖZEL FON","0,069220","1.379.369.685,00","17","95.479.829,54"
"10.03.2021","IPB","İSTANBUL PORTFÖY BİRİNCİ DEĞİŞKEN FON","0,044708","597.094.226,57","701","26.694.980,25"
"10.03.2021","IPC","İŞ PORTFÖY CK SERBEST ÖZEL FON","4,733400","16.763.387,00","1","79.347.809,73"
"10.03.2021","IPE","İŞ PORTFÖY ANADOLU SİGORTA SERBEST ÖZEL FON","2,147247","264.373.833,00","3","567.675.805,98"
"10.03.2021","IPF","PERFORM PORTFÖY İKİNCİ SERBEST FON","0,022747","3.595.277.126,00","0","81.782.803,44"
"10.03.2021","IPG","İŞ PORTFÖY KAPİTAL SERBEST FON","1,502561","79.302.184,00","13","119.156.368,95"
"10.03.2021","IPI","İŞ PORTFÖY BİRİKİM HESABI KISA VADELİ BORÇLANMA ARAÇLARI FONU","1,723832","556.526,00","16","959.357,30"
"10.03.2021","IPJ","İŞ PORTFÖY ELEKTRİKLİ ARAÇLAR KARMA FON","2,369045","304.795.436,00","23.438","722.074.072,92"
"10.03.2021","IPK","İŞ PORTFÖY KOS SERBEST ÖZEL FON","5,104262","64.762.446,00","1","330.564.484,06"
"10.03.2021","IPO","İŞ PORTFÖY ONUR SERBEST ÖZEL FON","3,906712","42.386.832,00","4","165.593.133,79"
"10.03.2021","IPP","PERFORM PORTFÖY BIRINCI SERBEST FON","0,012849","4.592.504.808,00","0","59.010.281,99"
"10.03.2021","IPR","İŞ PORTFÖY ICARUS SERBEST ÖZEL FON","5,218337","60.334.794,00","3","314.847.270,09"
"10.03.2021","IPU","İŞ PORTFÖY AS SERBEST ÖZEL FON","5,180587","116.663.621,00","1","604.386.006,36"
"10.03.2021","IPV","İŞ PORTFÖY EUROBOND BORÇLANMA ARAÇLARI (DÖVİZ) FONU","9,229249","42.004.817,00","4.614","387.672.916,22"
"10.03.2021","IR1","IBR FONUNA BAĞLI YAN HESAP (TRFDGOZ71915)","0,000000","0,00","0","0,00"
"10.03.2021","ISR","İŞ PORTFÖY BİRİNCİ SERBEST ÖZEL FON","2,466823","59.816.143,00","13","147.555.838,45"
"10.03.2021","ISS","İŞ PORTFÖY DEĞER SERBEST ÖZEL FON","0,030616","705.278.684,00","8","21.592.845,71"
"10.03.2021","IST","İSTANBUL PORTFÖY KISA VADELİ BORÇLANMA ARAÇLARI FONU","0,032894","21.316.437.669,57","1.228","701.175.543,22"
"10.03.2021","ITJ","İSTANBUL PORTFÖY SEKİZİNCİ SERBEST FON","0,000000","0,00","0","0,00"
"10.03.2021","ITP","İŞ PORTFÖY TEKNOLOJİ KARMA FON","0,963390","40.373.771,00","2.374","38.895.673,69"
"10.03.2021","IUU","İŞ PORTFÖY ÜÇÜNCÜ SERBEST (DÖVİZ) FON","8,481102","2.600.000,00","5","22.050.864,86"
"10.03.2021","IYB","AURA PORTFÖY DEĞİŞKEN FONU","0,793024","19.350.484,00","56","15.345.405,37"
"10.03.2021","IYP","İSTANBUL PORTFÖY YILDIZ SERBEST ÖZEL FON","0,000000","0,00","0","0,00"
"10.03.2021","IYR","İŞ PORTFÖY HEDEF SERBEST FON","0,031757","9.590.011.462,00","53","304.548.347,18"
"10.03.2021","IYS","İŞ PORTFÖY SÜTAŞ SERBEST ÖZEL FON","0,119549","8.608.334.210,00","19","1.029.115.196,76"
"10.03.2021","IZF","QİNVEST PORTFÖY İKİNCİ KATILIM SERBEST FON","1,000346","1.427.547,00","0","1.428.041,55"
"10.03.2021","IZS","İSTANBUL PORTFÖY ALTINCI SERBEST FON","1,192760","5.337.305,00","10","6.366.126,09"
"10.03.2021","IZV","İSTANBUL PORTFÖY YEDİNCİ SERBEST FON","0,000000","0,00","0","0,00"
"10.03.2021","KFK","AZİMUT PORTFÖY KAAN SERBEST ÖZEL FON","1,011334","68.450.230,00","0","69.226.076,36"
"10.03.2021","KIS","QİNVEST PORTFÖY KİRA SERTİFİKASI KATILIM (DÖVİZ) FONU","0,029442","1.299.018.133,00","12","38.245.542,53"
"10.03.2021","KKH","İŞ PORTFÖY MUTLAK GETİRİ HEDEFLİ DEĞİŞKEN FON","1,064975","51.649.225,00","1.191","55.005.115,50"
"10.03.2021","KOP","QİNVEST PORTFÖY İKİNCİ SERBEST FON","0,920128","177.981.157,00","1","163.765.445,60"
"10.03.2021","KPB","KARE PORTFÖY ÖPY BİRİNCİ SERBEST ÖZEL FON","1,062235","56.582.555,00","0","60.103.988,98"
"10.03.2021","KPC","KT PORTFÖY KATILIM HİSSE SENEDİ FONU (HİSSE SENEDİ YOĞUN FON)","1,499676","68.806.692,00","0","103.187.749,94"
"10.03.2021","KPK","İŞ PORTFÖY DURUSU SERBEST ÖZEL FON","1,082295","47.505.771,00","2","51.415.244,98"
"10.03.2021","KRC","KARE PORTFÖY BİRİNCİ BORÇLANMA ARAÇLARI FONU","0,028384","993.786.000,00","0","28.207.563,00"
"10.03.2021","KRF","KARE PORTFÖY BİRİNCİ DEĞİŞKEN FON","1,787869","25.900.015,00","0","46.305.846,49"
"10.03.2021","KRS","KARE PORTFÖY SERBEST (DÖVİZ) FON","0,069931","258.435.716,00","1","18.072.653,33"
"10.03.2021","KRT","KARE PORTFÖY TÜRKİYE ODAKLI SERBEST (DÖVİZ ) FON","8,828039","3.445.529,00","0","30.417.263,59"
"10.03.2021","KSD","QİNVEST PORTFÖY BİRİNCİ KATILIM SERBEST FON","0,000000","0,00","1","0,00"
"10.03.2021","KSV","KT PORTFÖY KISA VADELİ KATILIM SERBEST FON","1,117187","301.435.837,00","0","336.760.207,14"
"10.03.2021","KSY","YAPI KREDİ PORTFÖY PY KANDİLLİ SERBEST ÖZEL FON","1,269113","19.794.960,00","20","25.122.048,39"
"10.03.2021","KTE","KT PORTFÖY CEYLAN KİRA SERTİFİKALARI KATILIM SERBEST(DÖVİZ) ÖZEL FON","5,070528","3.630.416,00","0","18.408.125,26"
"10.03.2021","KTM","KT PORTFÖY BİRİNCİ KATILIM FONU","2,393659","34.157.529,00","0","81.761.491,99"
"10.03.2021","KTN","KT PORTFÖY KİRA SERTİFİKALARI KATILIM FONU","1,847990","15.052.371,00","0","27.816.625,95"
"10.03.2021","KTR","KT PORTFÖY BİRİNCİ KATILIM SERBEST FON","1,955834","7.252.029,00","0","14.183.762,58"
"10.03.2021","KTS","KT PORTFÖY İKİNCİ KATILIM SERBEST FON","1,760685","585.000,00","0","1.030.000,58"
"10.03.2021","KTT","KT PORTFÖY KÜRESEL KİRA SERTİFİKALARI (DÖVİZ) SERBEST FON","8,660095","11.536.700,00","0","99.908.922,78"
"10.03.2021","KTU","KT PORTFÖY NEOVA KATILIM SERBEST ÖZEL FON","1,655393","6.895.934,00","0","11.415.483,56"
"10.03.2021","KTV","KT PORTFÖY KISA VADELİ KİRA SERTİFİKALARI KATILIM FONU","1,597253","455.276.107,00","0","727.191.224,83"
"10.03.2021","KUB","KARE PORTFÖY DEĞİŞKEN  (DÖVİZ) FONU","0,083706","1.641.678.868,00","1","137.418.170,16"
"10.03.2021","KYA","KARE PORTFÖY HİSSE SENEDİ FONU(HİSSE SENEDİ YOĞUN FON)","0,097275","141.213.700,00","0","13.736.502,01"
"10.03.2021","KZL","KT PORTFÖY KIZILAY'A DESTEK ALTIN KATILIM FONU","1,684201","32.705.707,00","0","55.082.995,59"
"10.03.2021","K1R","KRS FONUNA BAĞLı YAN HESAP (TRSAEST91911)","0,000000","0,00","0","0,00"
"10.03.2021","LHM","AK PORTFÖY NETA SERBEST (DÖVİZ) ÖZEL FON","0,000000","0,00","0","0,00"
"10.03.2021","LHP","AK PORTFÖY YEDİNCİ SERBEST (DÖVİZ) FON","0,000000","0,00","0","0,00"
"10.03.2021","MAC","MARMARA CAPITAL PORTFÖY HİSSE SENEDİ FONU (HİSSE SENEDİ YOĞUN FON)","0,062188","6.606.978.662,00","7.627","410.874.375,88"
"10.03.2021","MAD","MEKSA PORTFÖY BİRİNCİ DEĞİŞKEN FON","0,114899","22.485.414,00","51","2.583.541,29"
"10.03.2021","MAS","MARMARA CAPİTAL PORTFÖY HİSSE SENEDİ SERBEST FON (HİSSE SENEDİ YOĞUN FON)","0,000000","0,00","0","0,00"
"10.03.2021","MBL","MEKSA PORTFÖY İKİNCİ DEĞİŞKEN FON","0,066548","14.211.280,00","19","945.733,24"
"10.03.2021","MKG","MÜKAFAT PORTFÖY ALTIN KATILIM FONU","1,052496","26.817.973,00","337","28.225.809,68"
"10.03.2021","MKH","MÜKAFAT PORTFÖY AKTİF SERBEST (DÖVİZ) FON","0,000000","0,00","0","0,00"
"10.03.2021","MMA","MAQASİD PYŞ ALTIN KATILIM FONU","0,000000","0,00","0","0,00"
"10.03.2021","MMH","MÜKAFAT PORTFÖY BIST 30 ENDEKSİ HİSSE SENEDİ FONU (HİSSE SENEDİ YOĞUN FON)","1,267071","6.824.956,00","201","8.647.705,13"
"10.03.2021","MPD","MÜKAFAT PORTFÖY KATILIM AKTIF SERBEST (DÖVIZ) FON","7,801341","20.945.358,00","0","163.401.880,63"
"10.03.2021","MPF","MÜKAFAT PORTFÖY KISA VADELİ KİRA SERTİFİKASI KATILIM FONU","1,657273","67.676.082,04","484","112.157.749,39"
"10.03.2021","MPK","MÜKAFAT PORTFÖY KİRA SERTİFİKASI KATILIM FONU","1,717377","12.650.502,28","805","21.725.679,37"
"10.03.2021","MPN","MÜKAFAT PORTFÖY İKİNCİ AKTİF SERBEST (DÖVİZ) FON","0,000000","0,00","0","0,00"
"10.03.2021","MPP","MEKSA PORTFÖY PRİME SERBEST FON","3,107904","11.466.963,00","21","35.638.222,68"
"10.03.2021","MPS","MÜKAFAT PORTFÖY KATILIM HİSSE SENEDİ FONU ( HİSSE SENEDİ YOĞUN FON )","2,892384","49.179.749,32","3.651","142.246.739,05"
"10.03.2021","MSB","MAQASİD PYŞ BİRİNCİ KATILIM SERBEST(DÖVİZ)FON","0,000000","0,00","0","22,33"
"10.03.2021","MSH","MAQASİD PORTFÖY İKİNCİ  KATILIM SERBEST FON","0,000000","0,00","0","206,33"
"10.03.2021","MVK","MAQASİD PYŞ KISA VADELİ KATILIM SERBEST FON","0,000000","0,00","0","239,87"
"10.03.2021","NBF","İŞ PORTFÖY ESEN SERBEST ÖZEL FON","0,000000","0,00","3","0,00"
"10.03.2021","NNF","HEDEF PORTFÖY BİRİNCİ HİSSE SENEDİ FONU (HİSSE SENEDİ YOĞUN FON)","1,601047","393.389.475,00","17.396","629.835.078,25"
"10.03.2021","NPP","QNB FİNANS PORTFÖY ÜÇÜNCÜ SERBEST (DÖVİZ) FON","7,865033","12.130.000,00","49","95.402.854,75"
"10.03.2021","NSK","NEO PORTFÖY BİRİNCİ SERBEST FON","1,003266","150.000,00","1","150.489,94"
"10.03.2021","NZH","NEO PORTFÖY BİRİNCİ BORÇLANMA ARAÇLARI FONU","0,000000","0,00","0","0,00"
"10.03.2021","NZT","NEO PORTFÖY PY ORTA VADELİ BORÇLANMA ARAÇLARI  ÖZEL FONU","0,000000","0,00","0","0,00"
"10.03.2021","OAY","OSY FONUNA BAĞLI YAN HESAP (TRSBMKS12230)","0,000000","0,00","0","0,00"
"10.03.2021","OBP","OYAK PORTFÖY İKİNCİ DEĞİŞKEN FON","0,030625","188.110.149,00","0","5.760.835,93"
"10.03.2021","ODD","OYAK PORTFÖY DÖRDÜNCÜ SERBEST FON","1,705014","10.490.824,00","0","17.886.996,74"
"10.03.2021","ODS","OYAK PORTFÖY İKİNCİ SERBEST(DÖVİZ) FON","8,828740","3.512.846,00","0","31.014.004,34"
"10.03.2021","ODV","AK PORTFÖY ÜÇÜNCÜ FON SEPETİ FONU","2,443340","129.326.642,00","1.223","315.988.938,57"
"10.03.2021","OFB","OYAK PORTFÖY BEŞİNCİ SERBEST FON","0,000000","0,00","0","0,00"
"10.03.2021","OFS","OYAK PORTFÖY BİRİNCİ FON SEPETİ FONU","1,014005","6.100.720,00","0","6.186.160,63"
"10.03.2021","OFY","OSG FONUNA BAĞLI YAN HESAP (TRSBMKS12230)","0,000000","0,00","0","0,00"
"10.03.2021","OGD","OYAK PORTFÖY ALTIN KATILIM FONU","0,861091","8.398.213,00","0","7.231.627,00"
"10.03.2021","OGF","OYAK PORTFÖY OYAK ÜYELERI İLE ÇALIŞANLARıNA YÖNELİK BORÇLANMA ARAÇLARI ÖZEL FONU","1,464646","18.031.153,00","0","26.409.256,16"
"10.03.2021","OHB","OYAK PORTFÖY BİRİNCİ HİSSE SENEDİ FONU (HİSSE SENEDİ YOĞUN FON)","1,817245","2.565.079,00","0","4.661.377,83"
"10.03.2021","OKD","OYAK PORTFÖY BİRİNCİ DEĞİŞKEN FON","0,049479","214.197.786,00","0","10.598.252,60"
"10.03.2021","OKP","OYAK PORTFÖY BİRİNCİ KISA VADELİ BORÇLANMA ARAÇLARI FONU","1,189527","3.867.689,00","0","4.600.721,78"
"10.03.2021","OKT","OYAK PORTFÖY BİRİNCİ BORÇLANMA ARAÇLARI FONU","0,028169","2.455.134.242,00","0","69.159.077,56"
"10.03.2021","OLB","QNB FİNANS PORTFÖY DÖRDÜNCÜ SERBEST (DÖVİZ) FON","0,000000","0,00","0","0,00"
"10.03.2021","ONN","MÜKAFAT PORTFÖY AKTİF ONİKS SERBEST FON","1,137345","181.712.661,00","266","206.669.969,67"
"10.03.2021","OOP","QNB FİNANS PORTFÖY OPAL SERBEST (DÖVİZ) ÖZEL FON","0,000000","0,00","0","0,00"
"10.03.2021","OPB","OSMANLI PORTFÖY BİRİNCİ DEĞİŞKEN FON","1,566744","19.788.797,00","506","31.003.982,04"
"10.03.2021","OPD","OSMANLI PORTFÖY ANKA SERBEST FON","1,329908","9.193.551,00","218","12.226.577,49"
"10.03.2021","OPH","OSMANLI PORTFÖY BİRİNCİ HİSSE SENEDİ FONU(HİSSE SENEDİ YOĞUN FON)","2,199164","47.794.719,00","2.996","105.108.412,67"
"10.03.2021","OPI","OSMANLI PORTFÖY İKİNCİ HİSSE SENEDİ FONU(HİSSE SENEDİ YOĞUN FON)","2,106457","23.699.902,00","1.477","49.922.823,40"
"10.03.2021","OPL","OSMANLI PORTFÖY İKİNCİ DEĞİŞKEN FON","1,035328","4.387.356,00","1","4.542.352,84"
"10.03.2021","OPP","GARANTİ PORTFÖY ÖPY SERBEST (DÖVİZ) ÖZEL FON","1,249705","315.622.001,00","1","394.434.317,33"
"10.03.2021","OPZ","AK PORTFÖY ÖPY ALTINCI SERBEST ÖZEL FON","0,000000","0,00","0","0,00"
"10.03.2021","OSD","OSMANLI PORTFÖY ÖZEL SEKTÖR BORÇLANMA ARAÇLARI FONU","2,221902","69.378.621,00","1.484","154.152.493,47"
"10.03.2021","OSF","OSMANLI PORTFÖY BALKAN SERBEST FON","1,750824","14.001.603,00","6","24.514.347,64"
"10.03.2021","OSH","OSMANLI PORTFÖY MİNERVA SERBEST FON","0,046711","480.046.885,00","11","22.423.669,31"
"10.03.2021","OSL","OSMANLI PORTFÖY KISA VADELİ BORÇLANMA ARAÇLARI FONU","0,029511","5.505.718.293,00","2.979","162.481.960,47"
"10.03.2021","OTF","OYAK PORTFÖY KISA VADELİ KİRA SERTİFİKASI KATILIM FONU","1,462702","46.362.152,00","0","67.814.029,51"
"10.03.2021","OTK","OYAK PORTFÖY BİRİNCİ KATILIM SERBEST FON","1,645466","595.675,00","0","980.162,68"
"10.03.2021","OYL","OYAK PORTFÖY BİRİNCİ PARA PİYASASI FONU","0,030985","7.408.687.045,00","0","229.556.487,57"
"10.03.2021","OYS","OYAK PORTFÖY ÜÇÜNCÜ SERBEST FON","2,317103","1.269.600.673,00","0","2.941.795.154,69"
"10.03.2021","OYT","OYAK PORTFÖY BİRİNCİ SERBEST FON","0,020122","1.668.846.467,00","0","33.579.929,14"
"10.03.2021","PAI","AK PORTFÖY ING BANK ÖZEL BANKACILIK VE PLATINUM DEĞİŞKEN ÖZEL FON","1,113311","48.757.202,00","205","54.281.909,56"
"10.03.2021","PAL","AK PORTFÖY ALTINCI SERBEST(DÖVİZ) FON","7,678197","13.716.070,00","20","105.314.683,74"
"10.03.2021","PAP","AK PORTFÖY MİSTRAL SERBEST(DÖVİZ) ÖZEL FON","0,000000","0,00","0","1,00"
"10.03.2021","PBB","AZİMUT PORTFÖY BB SERBEST (DÖVİZ) ÖZEL FON","8,081310","7.407.266,00","0","59.860.412,06"
"10.03.2021","PBK","QİNVEST PORTFÖY BİRİNCİ KATILIM SERBEST(DÖVİZ) FON","7,433812","2.552.530,00","6","18.975.026,93"
"10.03.2021","PBS","AZİMUT PORTFÖY BOĞAZİÇİ SERBEST (DÖVİZ) FON","7,766469","4.712.907,00","0","36.602.644,21"
"10.03.2021","PDD","QİNVEST PORTFÖY KATILIM FONU","1,021410","19.123.461,00","5","19.532.894,03"
"10.03.2021","PDF","QİNVEST PORTFÖY BİRİNCİ SERBEST (DÖVİZ) FON","8,122399","218.374,00","2","1.773.720,74"
"10.03.2021","PLS","DENİZ PORTFÖY LARA SERBEST (DÖVİZ) ÖZEL FON","2,570502","33.942.664,00","4","87.249.676,96"
"10.03.2021","PPD","PERFORM PORTFÖY HİSSE SENEDİ SERBEST FON (HİSSE SENEDİ YOĞUN FON)","1,084444","50.010.315,00","0","54.233.373,20"
"10.03.2021","PPF","AZİMUT PORTFÖY AKÇE SERBEST FON","1,021497","995.000,00","0","1.016.389,20"
"10.03.2021","PPZ","AZİMUT PORTFÖY PARA PİYASASI FONU","1,082841","1.258.825.009,00","0","1.363.106.895,95"
"10.03.2021","PRF","AZİMUT PORTFÖY IRF SERBEST (DÖVİZ) ÖZEL FON","6,553278","69.042,00","0","452.451,39"
"10.03.2021","PSL","AZİMUT PORTFÖY 8.0 SERBEST FON","1,036499","141.790.366,00","0","146.965.595,40"
"10.03.2021","PSS","AZİMUT PORTFÖY SARAY SERBEST FON","1,088651","20.978.417,00","0","22.838.176,95"
"10.03.2021","PUC","AK PORTFÖY ÖPY ÜÇÜNCÜ SERBEST ÖZEL FON","1,363127","86.350.590,00","7","117.706.799,04"
"10.03.2021","PUD","AK PORTFÖY AKY SERBEST (DÖVİZ) ÖZEL FON","10,003587","3.097.486,00","0","30.985.969,19"
"10.03.2021","PUR","AK PORTFÖY ÖPY DÖRDÜNCÜ SERBEST ÖZEL FON","1,335132","7.795.949,00","3","10.408.623,01"
"10.03.2021","PUT","AK PORTFÖY ÖPY BEŞİNCİ SERBEST ÖZEL FON","1,232661","63.546.125,00","1","78.330.853,69"
"10.03.2021","PUV","AK PORTFÖY PRUVA SERBEST (DÖVİZ) ÖZEL FON","0,000000","0,00","0","1,00"
"10.03.2021","PVK","ALBARAKA PORTFÖY KISA VADELİ KATILIM SERBEST FON","1,097265","548.129.692,00","31","601.443.359,62"
"10.03.2021","PYF","AZİMUT PORTFÖY YONCA SERBEST ÖZEL FON","1,021779","276.599.707,00","0","282.623.649,96"
"10.03.2021","PYH","AZİMUT PORTFÖY 10.0 SERBEST FON","0,871582","140.000,00","0","122.021,52"
"10.03.2021","PYL","AZİMUT PORTFÖY 11.0 SERBEST FON","1,038696","4.546.500,00","0","4.722.432,59"
"10.03.2021","RBA","ALBARAKA PORTFÖY ALTIN KATILIM FONU","1,631188","6.213.554,00","578","10.135.472,37"
"10.03.2021","RBH","ALBARAKA PORTFÖY KATILIM HİSSE SENEDİ FONU (HİSSE SENEDİ YOĞUN FON)","2,897251","48.236.019,00","4.999","139.751.838,43"
"10.03.2021","RBK","ALBARAKA PORTFÖY KATILIM FONU","1,333492","3.094.427,00","262","4.126.394,20"
"10.03.2021","RBT","ALBARAKA PORTFÖY KİRA SERTİFİKALARI  KATILIM FONU","1,352756","3.460.673,00","155","4.681.446,83"
"10.03.2021","RBV","ALBARAKA PORTFÖY KISA VADELİ KİRA SERTİFİKALARI KATILIM FONU","1,383319","27.284.264,00","211","37.742.838,65"
"10.03.2021","SBS","STRATEJİ PORTFÖY BAŞAK SERBEST (DÖVİZ) ÖZEL FON","8,131527","3.219.746,00","0","26.181.452,27"
"10.03.2021","SKT","FİBA PORTFÖY ŞEKERBANK KISA VADELİ BORÇLANMA ARAÇLARI FONU","0,023053","1.006.698.413,00","3.204","23.207.131,04"
"10.03.2021","SLF","FİBA PORTFÖY ŞEKERBANK PARA PİYASASI FONU","1,976233","70.106.443,00","7.330","138.546.648,31"
"10.03.2021","SPA","AZIMUT PORTFÖY 6.0 SERBEST (DÖVIZ) FON","7,579652","45.975.137,00","0","348.475.540,54"
"10.03.2021","SPD","AZIMUT PORTFÖY BEG SERBEST (DÖVIZ) ÖZEL FON","8,883947","7.799.853,00","0","69.293.483,57"
"10.03.2021","SPE","AZIMUT PORTFÖY 5.0 SERBEST (DÖVIZ) FON","10,252131","13.636.013,00","0","139.798.186,60"
"10.03.2021","SPG","AZİMUT PORTFÖY BEG SERBEST ÖZEL FON","1,471238","8.240.712,00","0","12.124.047,64"
"10.03.2021","SPN","AZIMUT PORTFÖY PİYASA NÖTR SERBEST FON","1,447640","259.920.203,00","0","376.270.803,01"
"10.03.2021","SRO","AZİMUT PORTFÖY SKY SERBEST ÖZEL FON","2,326378","296.676.472,00","0","690.181.472,25"
"10.03.2021","SRY","AZİMUT PORTFÖY SKY SERBEST (DÖVİZ) ÖZEL FON","13,163760","20.000,00","0","263.275,19"
"10.03.2021","SSO","AK PORTFÖY AK SANDIK SERBEST ÖZEL FON","1,903778","434.698.945,00","1","827.570.265,39"
"10.03.2021","STS","STRATEJİ PORTFÖY BİRİNCİ SERBEST (DÖVİZ) FON","9,708237","5.602.564,00","0","54.391.017,29"
"10.03.2021","STZ","STRATEJİ PORTFÖY HİSSE SENEDİ SERBEST FON (HİSSE SENEDİ YOĞUN FON)","1,176636","9.344.877,00","0","10.995.521,68"
"10.03.2021","ST1","STRATEJİ PORTFÖY BİRİNCİ HİSSE SENEDİ FONU(HİSSE SENEDİ YOĞUN FON)","20,392335","4.934.869,44","0","100.633.510,68"
"10.03.2021","SUA","ÜNLÜ PORTFÖY BİRİNCİ DEĞİŞKEN FON","0,073879","5.250.723.868,10","1.304","387.918.845,85"
"10.03.2021","SUB","ÜNLÜ PORTFÖY İKİNCİ DEĞİŞKEN FON","0,040781","214.058.757,00","258","8.729.531,65"
"10.03.2021","SUC","ÜNLÜ PORTFÖY ÜÇÜNCÜ DEĞIŞKEN FON","2,564443","44.390.314,00","926","113.836.438,96"
"10.03.2021","TAO","TEB PORTFÖY ALARKO GRUBU DEĞİŞKEN ÖZEL FON","2,809827","40.000.000,00","1","112.393.077,68"
"10.03.2021","TAU","İŞ PORTFÖY BİST BANKA ENDEKSİ HİSSE SENEDİ FONU (HİSSE SENEDİ YOĞUN FON)","0,049023","1.202.170.599,00","1.773","58.934.076,12"
"10.03.2021","TBP","İŞ PORTFÖY PRIVIA BANKACILIK DEĞİŞKEN ÖZEL FON","0,041975","1.251.169.377,00","142","52.518.021,18"
"10.03.2021","TBT","TEB PORTFÖY BORÇLANMA ARAÇLARI FONU","22,021724","834.685,52","1.090","18.381.213,85"
"10.03.2021","TBV","İŞ PORTFÖY ÖZEL SEKTÖR BORÇLANMA ARAÇLARI FONU","0,075825","1.269.212.844,00","999","96.238.344,57"
"10.03.2021","TCA","ZİRAAT PORTFÖY ALTIN KATILIM FONU","0,055077","8.198.593.233,16","5.656","451.551.066,52"
"10.03.2021","TCB","TACİRLER PORTFÖY KISA VADELİ BORÇLANMA ARAÇLARI FONU","0,045930","364.023.633,00","599","16.719.564,13"
"10.03.2021","TCC","TACİRLER PORTFÖY SERBEST ( DÖVİZ ) FON","0,010738","4.168.225.368,00","14","44.759.306,56"
"10.03.2021","TCD","TACİRLER PORTFÖY DEĞIŞKEN FON","5,097858","217.673.371,00","62","1.109.668.002,92"
"10.03.2021","TCI","TACİRLER PORTFÖY İSTATİSTİKSEL ARBİTRAJ SERBEST FON","1,406815","387.573.526,00","35","545.244.202,98"
"10.03.2021","TCS","TACİRLER PORTFÖY SİRİUS SERBEST FON","2,774311","36.172.794,00","3","100.354.572,93"
"10.03.2021","TDB","TEB PORTFÖY BOĞAZİÇİ SERBEST (DÖVİZ) FON","0,056677","424.092.831,00","11","24.036.127,59"
"10.03.2021","TDG","İŞ PORTFÖY YABANCI BORÇLANMA ARAÇLARI FONU","0,083740","1.142.472.338,00","1.912","95.670.642,32"
"10.03.2021","TDP","TEB PORTFÖY İKİNCİ SERBEST (DÖVİZ) FON","7,866692","50.398.957,00","0","396.473.051,17"
"10.03.2021","TE3","TEB PORTFÖY MUTLAK GETİRİ HEDEFLİ DEĞİŞKEN FON","5,848157","96.605.167,00","2.049","564.962.195,51"
"10.03.2021","TE4","TEB PORTFÖY BİRİNCİ DEĞİŞKEN FON","1,010268","120.995.831,00","186","122.238.205,04"
"10.03.2021","TFF","TEB PORTFÖY AMERİKA TEKNOLOJİ YABANCI BYF FON SEPETİ FONU","3,790512","11.403.096,00","901","43.223.575,35"
"10.03.2021","TGA","GARANTİ PORTFÖY DÖRDÜNCÜ DEĞİŞKEN FON","0,035743","423.803.634,00","986","15.148.203,49"
"10.03.2021","TGE","İŞ PORTFÖY EMTIA YABANCI BYF FON SEPETI FONU","0,028723","4.731.782.044,00","3.841","135.909.813,35"
"10.03.2021","TGT","GARANTİ PORTFÖY KISA VADELİ BORÇLANMA ARAÇLARI FONU","0,023455","22.599.957.723,00","67.090","530.078.327,62"
"10.03.2021","TIE","İŞ PORTFÖY BIST 30 ENDEKSİ HİSSE SENEDİ FONU (HİSSE SENEDİ YOĞUN FON)","0,071525","504.525.854,00","1.699","36.086.278,65"
"10.03.2021","TIP","TEB PORTFÖY ING BANK ÖZEL BANKACILIK VE PLATİNUM SERBEST (DÖVİZ) ÖZEL FON","7,823396","7.537.541,00","53","58.969.171,76"
"10.03.2021","TIV","İŞ PORTFÖY KISA VADELI BORÇLANMA ARAÇLARI FONU","11,358648","311.705.909,00","86.076","3.540.557.667,69"
"10.03.2021","TI1","İŞ PORTFÖY PARA PİYASASI FONU","303,054094","19.891.873,00","85.348","6.028.313.543,57"
"10.03.2021","TI2","İŞ PORTFÖY HİSSE SENEDİ FONU (HİSSE SENEDİ YOĞUN FON)","81,096166","702.121,40","1.622","56.939.353,28"
"10.03.2021","TI3","İŞ PORTFÖY İŞ BANKASI İŞTİRAKLERİ ENDEKSİ HİSSE SENEDİ FONU (HİSSE SENEDİ YOĞUN FON)","111,558835","1.708.053,00","2.275","190.548.402,97"
"10.03.2021","TI4","İŞ PORTFÖY BİRİNCİ DEĞIŞKEN FON","91,856411","1.223.011,00","3.161","112.341.400,52"
"10.03.2021","TI6","İŞ PORTFÖY ORTA VADELİ BORÇLANMA ARAÇLARI FONU","122,519634","1.197.194,91","4.635","146.679.882,18"
"10.03.2021","TI7","İŞ PORTFÖY İKİNCİ DEĞİŞKEN FON","10,759871","19.748.473,00","4.935","212.491.028,17"
"10.03.2021","TKF","TACİRLER PORTFÖY HİSSE SENEDİ FONU (HİSSE SENEDİ YOĞUN FON)","7,141119","119.148.040,00","150","850.850.372,24"
"10.03.2021","TKK","İŞ PORTFÖY KUMBARA HESABI KARMA ÖZEL FON","0,225506","2.117.583.700,00","166.778","477.527.417,62"
"10.03.2021","TKM","TEB PORTFÖY PARA PİYASASI FONU","412,828526","2.368.436,00","13.944","977.757.941,69"
"10.03.2021","TLE","AURA PORTFÖY YABANCI BORÇLANMA ARAÇLARI FONU","3,325827","28.585.923,00","66","95.071.823,90"
"10.03.2021","TLH","AURA PORTFÖY HİSSE SENEDİ FONU (HİSSE SENEDİ YOĞUN FON)","2,444908","11.733.013,00","45","28.686.141,66"
"10.03.2021","TLY","TERA PORTFÖY BİRİNCİ SERBEST FON","0,000000","0,00","0","0,00"
"10.03.2021","TLZ","ATA PORTFÖY ANALİZ HİSSE SENEDİ FONU (HİSSE SENEDİ YOĞUN FON)","1,573415","8.503.616,00","0","13.379.720,46"
"10.03.2021","TMC","İŞ PORTFÖY TEMA  DEĞİŞKEN FON","0,028479","229.618.452,00","1.588","6.539.364,05"
"10.03.2021","TMG","İŞ PORTFÖY YABANCI HİSSE SENEDİ FONU","0,120743","913.361.932,00","2.362","110.282.188,82"
"10.03.2021","TMO","TEB PORTFÖY TEB GRUBU DEĞİŞKEN ÖZEL FON","0,000000","0,00","0","0,00"
"10.03.2021","TMR","TEB PORTFÖY MAKRO SERBEST FON","1,002741","4.075.000,00","0","4.086.168,81"
"10.03.2021","TNI","TEB PORTFÖY ING BANK ÖZEL BANKACILIK VE PLATİNUM DEĞİŞKEN ÖZEL FON","1,208298","114.672.547,00","438","138.558.573,41"
"10.03.2021","TNK","TEB PORTFÖY KISA VADELİ BORÇLANMA ARAÇLARI FONU","7,035095","73.795.571,00","26.742","519.158.834,31"
"10.03.2021","TOT","TEB PORTFÖY ÖZEL SEKTÖR BORÇLANMA ARAÇLARI FONU","187,461622","435.912,00","614","81.716.770,50"
"10.03.2021","TPC","TEB PORTFÖY BİRİNCİ FON SEPETİ FONU","1,669674","61.078.115,00","450","101.980.570,48"
"10.03.2021","TPE","İŞ PORTFÖY PY EUROBOND BORÇLANMA ARAÇLARI (DÖVİZ) ÖZEL FONU","0,061303","9.246.036.820,00","69","566.805.987,87"
"10.03.2021","TPF","TACİRLER PORTFÖY BORÇLANMA ARAÇLARI FONU","2,207539","19.243.364,00","86","42.480.482,09"
"10.03.2021","TPJ","TEB PORTFÖY BİRİNCİ SERBEST (DÖVİZ) FON","9,225590","30.220.403,00","188","278.801.040,36"
"10.03.2021","TPL","TEB PORTFÖY EUROBOND (DÖVİZ) BORÇLANMA ARAÇLARI FONU","2,745562","22.789.688,00","706","62.570.494,10"
"10.03.2021","TPO","İŞ PORTFÖY PY ÖZEL SEKTÖR BORÇLANMA ARAÇLARI ÖZEL FONU","0,030630","2.674.360.143,00","7","81.915.224,82"
"10.03.2021","TPP","TEB PORTFÖY PUSULA SERBEST FON","3,233932","20.932.000,00","70","67.692.674,07"
"10.03.2021","TPR","İŞ PORTFÖY PY HİSSE SENEDİ ÖZEL FONU (HİSSE SENEDİ YOĞUN FON)","0,025516","1.213.514.641,00","4","30.964.233,97"
"10.03.2021","TPV","AURA PORTFÖY İKİNCİ DEĞİŞKEN FON","2,213150","2.440.044,00","18","5.400.183,50"
"10.03.2021","TPZ","TEB PORTFÖY KİRA SERTİFİKALARI (DÖVİZ) KATILIM FONU","3,294181","6.425.000,00","268","21.165.115,12"
"10.03.2021","TRR","TEB PORTFÖY BEŞİNCİ SERBEST FON","1,104437","50.927.785,00","7","56.246.530,68"
"10.03.2021","TSI","İŞ PORTFÖY MAKSİMUM HESAP KISA VADELI BORÇLANMA ARAÇLARI FONU","0,042839","62.901.728.718,00","96.087","2.694.619.487,78"
"10.03.2021","TSP","AZİMUT PORTFÖY TESA SERBEST (DÖVİZ) ÖZEL FON","7,451468","15.456.375,00","0","115.172.689,08"
"10.03.2021","TTA","İŞ PORTFÖY ALTIN FONU","0,045098","12.123.761.734,00","12.436","546.751.367,43"
"10.03.2021","TTE","İŞ PORTFÖY BİST TEKNOLOJİ AĞIRLIKLI SINIRLAMALI ENDEKSİ HİSSE SENEDİ FONU (HİSSE SENEDİ YOĞUN FON)","0,152014","3.839.863.496,00","13.700","583.714.892,26"
"10.03.2021","TTL","TACİRLER PORTFÖY KARTOPU SERBEST FON","1,955661","121.111.489,00","0","236.852.989,88"
"10.03.2021","TTN","AZİMUT PORTFÖY TESA SERBEST ÖZEL FON","1,044176","17.220.599,00","0","17.981.328,79"
"10.03.2021","TTP","TEB PORTFÖY ÜÇÜNCÜ SERBEST (DÖVİZ) FON","7,736410","12.514.462,00","73","96.817.007,11"
"10.03.2021","TTS","TEB PORTFÖY DÖRDÜNCÜ SERBEST (DÖVİZ) FON","7,708060","18.125.312,00","1","139.710.991,51"
"10.03.2021","TTV","TACİRLER PORTFÖY VEGA SERBEST FON","1,138955","120.434.036,00","0","137.168.896,88"
"10.03.2021","TUA","TEB PORTFÖY ALTIN FONU","0,097666","2.695.354.954,21","5.000","263.245.132,32"
"10.03.2021","TYH","TEB PORTFÖY HİSSE SENEDİ FONU (HİSSE SENEDİ YOĞUN FON)","0,149337","234.547.212,44","1.312","35.026.584,37"
"10.03.2021","TZC","ZİRAAT PORTFÖY BÜYÜYEN ÇOCUKLARA YÖNELİK DEĞİŞKEN ÖZEL FON","0,027656","135.855.500,00","1.206","3.757.203,56"
"10.03.2021","TZD","ZİRAAT PORTFÖY HİSSE SENEDİ FONU (HİSSE SENEDİ YOĞUN FON)","0,218886","142.177.633,06","1.268","31.120.652,74"
"10.03.2021","TZH","ZİRAAT PORTFÖY TZH SERBEST ÖZEL FON","1,167999","2.865.281.684,00","1","3.346.645.639,16"
"10.03.2021","TZL","ZİRAAT PORTFÖY PARA PİYASASI FONU","0,024330","82.191.149.449,28","60.761","1.999.720.798,97"
"10.03.2021","TZP","TACİRLER PORTFÖY İSTATİSTİKSEL ARBİTRAJ SERBEST ÖZEL FON","1,000836","30.097.163,00","0","30.122.323,53"
"10.03.2021","TZT","ZİRAAT PORTFÖY BORÇLANMA ARAÇLARI FONU","0,032255","1.674.696.975,58","1.918","54.016.893,26"
"10.03.2021","TZV","ZİRAAT PORTFÖY KISA VADELİ BORÇLANMA ARAÇLARI FONU","189,622376","21.545.133,00","178.434","4.085.439.316,36"
"10.03.2021","UAP","ÜNLÜ PORTFÖY ALTINCI SERBEST (DÖVİZ) ÖZEL FON","0,000000","0,00","0","0,00"
"10.03.2021","UPD","ÜNLÜ PORTFÖY DÖRDÜNCÜ SERBEST FON","2,731938","9.235.004,00","37","25.229.456,82"
"10.03.2021","UPH","ÜNLÜ PORTFÖY HİSSE SENEDİ FONU(HİSSE SENEDİ YOĞUN FON)","2,579870","16.419.778,00","589","42.360.887,66"
"10.03.2021","UPP","ÜNLÜ PORTFÖY PARA PİYASASI FONU","1,220647","38.998.136,00","303","47.602.949,72"
"10.03.2021","UPS","ÜNLÜ PORTFÖY BEŞİNCİ SERBEST (DÖVİZ) ÖZEL FON","8,429537","2.031.795,00","1","17.127.090,48"
"10.03.2021","USY","ÜNLÜ PORTFÖY MUTLAK GETİRİ HEDEFLİ SERBEST FON","0,021756","1.210.817.422,00","53","26.342.243,55"
"10.03.2021","VFK","ZİRAAT PORTFÖY İKİNCİ KISA VADELİ KİRA SERTİFİKALARI KATILIM FONU","1,077027","59.772.521,00","1","64.376.613,38"
"10.03.2021","VKT","ZİRAAT PORTFÖY VAKIFBANK KISA VADELİ BORÇLANMA ARAÇLARI FONU","0,023852","26.499.217.161,00","1","632.058.000,83"
"10.03.2021","VK6","ZİRAAT PORTFÖY VAKIFBANK PARA PİYASASI FONU","0,721865","3.275.469.743,00","1","2.364.446.008,63"
"10.03.2021","YAC","YAPI KREDİ PORTFÖY İKİNCİ FON SEPETİ FONU","1,929244","947.555.924,00","6.097","1.828.066.940,62"
"10.03.2021","YAK","YAPI KREDİ PORTFÖY KARMA FON","0,639355","403.630.351,45","125.181","258.062.929,77"
"10.03.2021","YAN","YAPI KREDİ PORTFÖY BİRİNCİ FON SEPETİ FONU","2,281398","602.693.386,00","3.941","1.374.983.434,20"
"10.03.2021","YAR","İŞ PORTFÖY RESAN DEĞİŞKEN ÖZEL FON","2,301908","34.000.000,00","1","78.264.863,99"
"10.03.2021","YAS","YAPI KREDİ PORTFÖY KOÇ HOLDİNG İŞTİRAK VE HİSSE SENEDİ FONU(HİSSE SENEDİ YOĞUN FON)","1,783966","836.653.735,00","5.875","1.492.561.998,15"
"10.03.2021","YAY","YAPI KREDİ PORTFÖY YABANCI TEKNOLOJİ SEKTÖRÜ HİSSE SENEDİ FONU","138,744706","13.264.925,00","8.997","1.840.438.125,74"
"10.03.2021","YBE","YAPI KREDİ PORTFÖY EUROBOND (DOLAR) BORÇLANMA ARAÇLARI FONU","0,225669","11.534.808.467,00","5.949","2.603.043.665,89"
"10.03.2021","YBP","YAPI KREDİ PORTFÖY PY BİRİNCİ DEĞİŞKEN ÖZEL FON","1,669534","129.865.850,00","69","216.815.508,21"
"10.03.2021","YBS","YAPI KREDİ PORTFÖY ÖZEL SEKTÖR BORÇLANMA ARAÇLARI FONU","0,026855","26.335.141.571,00","4.318","707.229.959,47"
"10.03.2021","YCK","YAPI KREDİ PORTFÖY CİHANGİR SERBEST FON","0,000000","0,00","0","0,00"
"10.03.2021","YCL","ATA PORTFÖY BEŞİNCİ SERBEST FON","1,008970","95.084.115,00","0","95.936.976,27"
"10.03.2021","YCS","AZİMUT PORTFÖY MYRA SERBEST (DÖVİZ) ÖZEL FON","7,888717","64.050.815,00","0","505.278.755,96"
"10.03.2021","YDI","YAPI KREDİ PORTFÖY İKİNCİ HİSSE SENEDİ FONU (HİSSE SENEDİ YOĞUN FON)","0,041262","6.347.286.050,00","2.420","261.898.756,32"
"10.03.2021","YDK","YAPI KREDİ PORTFÖY ÇALIŞAN HESAP KISA VADELİ BORÇLANMA ARAÇLARI FONU","0,022969","3.831.410.508,00","57.834","88.002.269,73"
"10.03.2021","YDP","YAPI KREDİ PORTFÖY PY ÜÇÜNCÜ DEĞİŞKEN ÖZEL FON","0,029663","38.155.487.212,00","94","1.131.816.610,95"
"10.03.2021","YEF","YAPI KREDİ PORTFÖY BIST 30 ENDEKSİ HİSSE SENEDİ FONU (HİSSE SENEDİ YOĞUN FON)","0,083945","2.090.652.192,92","2.860","175.499.115,58"
"10.03.2021","YFV","YAPI KREDİ PORTFÖY KİRA SERTİFİKALARI KATILIM FONU","0,019873","1.514.155.963,00","1.242","30.091.175,98"
"10.03.2021","YHS","YAPI KREDİ PORTFÖY BİRİNCİ HİSSE SENEDİ FONU (HİSSE SENEDİ YOĞUN FON)","2,057024","47.133.236,00","2.016","96.954.199,73"
"10.03.2021","YHT","YAPI KREDİ PORTFÖY KISA VADELİ BORÇLANMA ARAÇLARI FONU","0,083361","4.482.284.861,00","90.711","373.648.521,27"
"10.03.2021","YKS","YAPI KREDİ PORTFÖY İSTANBUL SERBEST FON","0,046419","966.876.576,00","48","44.881.584,85"
"10.03.2021","YKT","YAPI KREDİ PORTFÖY ALTIN FONU","0,058373","27.358.874.516,00","15.170","1.597.023.637,17"
"10.03.2021","YLB","YAPI KREDİ PORTFÖY PARA PİYASASI FONU","0,328326","10.220.010.468,00","252.081","3.355.493.542,55"
"10.03.2021","YMM","YAPI KREDİ PORTFÖY EMİRGAN SERBEST (DÖVİZ) FON","7,806684","7.155.884,00","41","55.863.725,35"
"10.03.2021","YOA","YAPI KREDİ PORTFÖY PY BORÇLANMA ARAÇLARI (DÖVİZ) ÖZEL FONU","9,483588","63.461.685,00","323","601.844.468,95"
"10.03.2021","YOP","YAPI KREDİ PORTFÖY ODEABANK İKİNCİ SERBEST ÖZEL FON","1,135213","40.767.313,00","1","46.279.565,72"
"10.03.2021","YOT","YAPI KREDİ PORTFÖY ORTA VADELİ BORÇLANMA ARAÇLARI FONU","8,177523","16.522.917,01","8.728","135.116.537,32"
"10.03.2021","YPF","YAPI KREDİ PORTFÖY YEDİTEPE SERBEST FON","2,061624","10.059.495,00","12","20.738.900,70"
"10.03.2021","YPK","YAPI KREDİ PORTFÖY GALATA SERBEST FON","2,117708","71.361.024,00","42","151.121.821,26"
"10.03.2021","YPL","YAPI KREDİ PORTFÖY BALAT SERBEST (DÖVİZ) FON","8,707891","69.131.079,00","290","601.985.905,91"
"10.03.2021","YPP","YAPI KREDİ PORTFÖY PY KUZGUNCUK SERBEST ÖZEL FON","2,133951","120.151.208,00","1","256.396.776,73"
"10.03.2021","YPV","YAPI KREDİ PORTFÖY ÜÇÜNCÜ FON SEPETİ FONU","1,266113","1.345.159.715,00","2.748","1.703.124.448,76"
"10.03.2021","YPZ","YAPI KREDİ PORTFÖY PY LEVENT SERBEST ÖZEL FON","0,000000","0,00","0","0,00"
"10.03.2021","YRF","YAPI KREDİ PORTFÖY ODEABANK İKİNCİ SERBEST(DÖVİZ)ÖZEL FON","7,697019","5.189.578,00","1","39.944.280,69"
"10.03.2021","YRO","YAPI KREDİ PORTFÖY ODEABANK SERBEST (DÖVİZ)ÖZEL FON","7,664443","10.200.314,00","1","78.179.728,37"
"10.03.2021","YSF","YAPI KREDİ PORTFÖY DRAGOS SERBEST  FON","1,155664","10.835.932,00","7","12.522.695,64"
"10.03.2021","YSU","YAPI KREDİ PORTFÖY ÜÇÜNCÜ DEĞİŞKEN FON","0,022716","985.229.255,00","1.300","22.380.576,61"
"10.03.2021","YTD","YAPI KREDİ PORTFÖY YABANCI FON SEPETİ FONU","0,086647","821.635.468,00","1.979","71.192.042,06"
"10.03.2021","YYB","YAPI KREDİ PORTFÖY BEBEK SERBEST (DÖVİZ) FON","7,499102","6.015.000,00","26","45.107.098,13"
"10.03.2021","YZF","YAPI KREDİ PORTFÖY PY ERENKÖY  SERBEST (DÖVIZ) ÖZEL FON","8,480515","43.074.353,00","1","365.292.686,26"
"10.03.2021","YZG","YAPI KREDİ PORTFÖY GÜMÜŞ FON SEPETİ FONU","1,034113","146.732.982,00","4.095","151.738.434,44"
"10.03.2021","YZH","TEB PORTFÖY BIST BANKA ENDEKSİ HİSSE SENEDİ FONU (HİSSE SENEDİ YOĞUN)","0,875219","19.473.899,00","111","17.043.918,29"
"10.03.2021","YZK","YAPI KREDİ PORTFÖY KALAMIŞ SERBEST FON","1,120449","20.927.943,00","35","23.448.700,10"
"10.03.2021","ZAY","KT PORTFÖY SEPET HESAP KISA VADELİ KİRA SERTİFİKALARI KATILIM FONU","1,078198","94.137.706,00","0","101.499.117,27"
"10.03.2021","ZBD","ZİRAAT PORTFÖY İKİNCİ DEĞİŞKEN FON","94,459936","138.398,84","477","13.073.146,46"
"10.03.2021","ZDD","ZİRAAT PORTFÖY BİRİNCİ DEĞİŞKEN FON","1,123032","6.420.243,00","184","7.210.136,25"
"10.03.2021","ZDZ","ZİRAAT PORTFÖY ÜÇÜNCÜ DEĞİŞKEN FON","1,119264","1.549.631,00","105","1.734.445,98"
"10.03.2021","ZPC","ZİRAAT PORTFÖY FON SEPETİ FONU","2,258128","13.200.936,00","882","29.809.409,72"
"10.03.2021","ZPE","ZİRAAT PORTFÖY KATILIM ENDEKSİ HİSSE SENEDİ FONU (HİSSE SENEDİ YOĞUN FON)","3,167763","29.355.668,51","1.306","92.991.798,43"
"10.03.2021","ZPF","ZİRAAT PORTFÖY KATILIM FONU (DÖVİZ)","2,989858","25.003.431,00","887","74.756.718,46"
"10.03.2021","ZPG","ZİRAAT PORTFÖY KİRA SERTİFİKALARI (SUKUK) KATILIM FONU","1,922937","37.187.074,95","810","71.508.390,68"
"10.03.2021","ZPK","ZİRAAT PORTFÖY KISA VADELİ KİRA SERTİFİKALARI KATILIM FONU","1,672067","329.431.530,00","4.899","550.831.492,82"
"10.03.2021","ZSF","ZİRAAT PORTFÖY S&P/OIC COMCEC (İSEDAK) 50 SHARİAH ENDEKSİ YABANCI HİSSE SENEDİ FONU","0,000000","0,00","0","0,00"
"10.03.2021","ZVB","ATLAS PORTFÖY İKİNCİ SERBEST FON","1,884663","13.166.315,00","0","24.814.069,29"